key,source_hash,fr,status,notes
SKEWER_COOKED_LEVEL_COOKED,45dd205c91c3ec284bae0505260cf21fa7afc3778fb82cd08abb030991392a25,Cuit,reviewed,Compatibilité avec la démo 0.10.5 ; source différente de la version complète.
SKEWER_COOKED_LEVEL_OVERCOOKED,a86b768ba8f298f7beb136469f4ee314f96b34dd3eae47a2da436aa3af7d35c7,Trop cuit,reviewed,Compatibilité avec la démo 0.10.5 ; source différente de la version complète.
TOOLS_SKEWERING,ce7deff2e11c22afad7e45af08027b1d6d4b7cbbac40bca04fb045374ad7c455,Gril,reviewed,Compatibilité avec la démo 0.10.5 ; source différente de la version complète.
ACTION_DROP,faa6eee87f057d1424dcde2674b5eef215adb735d4ac6f40b310e9209f1ba36e,Poser,reviewed,Compatibilité avec la démo 0.10.5 ; source différente de la version complète.
GUIDE_CONTEST_INFO,15399f488c1ae259a48da27287ad1ad34906d70db82fd4f1e51e45829abd2d59,Infos,reviewed,Compatibilité avec la démo 0.10.5 ; source différente de la version complète.
GUIDE_JUDGE_INFO,8d9ec0cefe22187825bda300118ddca2eddfafafda6510d743917a0ae1b784d0,Juge,reviewed,Compatibilité avec la démo 0.10.5 ; source différente de la version complète.
BLOCKEDACTION_DECORATIONSKIN_LOCKED,fcc7728dbb169d2d3e303b49bce98c026b4bcabbfbb67f42b3e6cf20024eafcd,Nécessite [CHARACTER] niv. d'amitié [LEVEL],reviewed,Compatibilité avec la démo 0.10.5 ; source différente de la version complète.
TUTORIAL_DISCARD_ACTION,e6aa128b4eb75ba6587369adb70315eee2badd8ffbaadac7ae7083cb3b72e6e6,Maintiens le clic sur le bol pour jeter tous les ingrédients qu’il contient.,reviewed,Compatibilité avec la démo 0.10.5 ; source différente de la version complète.
TUTORIAL_REMAKE_OPENING,74f3287575afdfbdb72ade456ac58370e9c904fbd6e26b5a111a418e7d79992f,Oups ! On dirait que le client a renvoyé le plat.,reviewed,Compatibilité avec la démo 0.10.5 ; source différente de la version complète.
TUTORIAL_BASIC_SERVE_BOWL,699687b35be3ebb8f405672165af7b1f855d40086705604f1985012880ac6a96,"Le bol doit être dans la zone ASSAISONNEMENT avant le service. Enfin, [COLOR=ALERT]sonne la cloche[/COLOR] pour servir le plat !",reviewed,Compatibilité avec la démo 0.10.5 ; source différente de la version complète.
TUTORIAL_MANUALORDER_MESSAGE_1,85be15c5dac8c519bb5faa1c0d0d0ad25ed78a880a1e2ceec260b5ef22f8fe33,Il arrive que des clients passent une commande personnalisée absente du menu.,reviewed,Compatibilité avec la démo 0.10.5 ; source différente de la version complète.
BUTTON_CITY,8811eeaf2f01cda3708d7c6c9c9bd33cac03714423ffcbf906fdb5f69e6de1ad,Ville,reviewed,Compatibilité avec la démo 0.10.5 ; source différente de la version complète.
BUTTON_TAPANYWHERETOCLOSE,6680f4139c5257c9ca876386b760015e3e0a9e0c9ddc1e6c6df838a9f93b65b0,Clique dans une zone vide pour fermer,reviewed,Compatibilité avec la démo 0.10.5 ; source différente de la version complète.
BUTTON_TAPANYWHERETOCONTINUE,936d2031e67dcfec8c06930837a666af622cc3b424a4bd94b05d3a791cc64d8d,Continuer...,reviewed,Compatibilité avec la démo 0.10.5 ; source différente de la version complète.
SETTINGS_MASTER_VOLUME,5fb4bd704706103ac6f3f9cdeb22889a59ab36d1d364efa02f68ffbadac950b7,Volume maître,reviewed,Compatibilité avec la démo 0.10.5 ; source différente de la version complète.
SETTINGS_SFX_VOLUME,91fa1b1e7a2f756f915815767bf35b1af047f5a88fff5c759138a2ecbcc8aab7,Volume des SFX,reviewed,Compatibilité avec la démo 0.10.5 ; source différente de la version complète.
SETTINGS_BGM_VOLUME,e8000a63430bd94dadb316ad064f2fdc5d7cbfc88e252e62d1006dbaa354524e,Musique,reviewed,Compatibilité avec la démo 0.10.5 ; source différente de la version complète.
SETTINGS_VOICE_VOLUME,dd53fc3ccfde1fad7d04302567b3a33448b4b30ce17a6be9e02ca3f29b88c2d4,Volume voix,reviewed,Compatibilité avec la démo 0.10.5 ; source différente de la version complète.
SETTINGS_MAINMENU_GO,1dc48b8735cd33209dc3a8f08f93eeb6ef651932ef681322dd4618d46e40e07b,Retour au menu principal,reviewed,Compatibilité avec la démo 0.10.5 ; source différente de la version complète.
FEEDBACK_TITLE,4b1d76ed8548c6e65764b400097a3ea4c50cf73e899aa7b7ad7bcc7a82073eb2,Avis,reviewed,Compatibilité avec la démo 0.10.5 ; source différente de la version complète.
FEEDBACK_DESC,5724f176fded08f09f61b43d044ae93c7bd6422781d2e2e0bd3afa0b92a503c0,Signaler un bug,reviewed,Compatibilité avec la démo 0.10.5 ; source différente de la version complète.
NOTIFICATION_UNLOCK_MESSAGE,afe47bda9e287e4fcb2ff52e8ca8c013be85785e1b1f4335c446c3c6b597f6a8,Débloqué : [X],reviewed,Compatibilité avec la démo 0.10.5 ; source différente de la version complète.
SUMMARY_EXPENSE,bff1479be96b936694fc0aee4b916998b3c5129877aecd587bfdb668cd2c906a,Dépenses,reviewed,Compatibilité avec la démo 0.10.5 ; source différente de la version complète.
DISCLAIMER_PLAYTEST_MESSAGE,0cdcc34dc03b1e4a2a207582654a550ec75ba6c7cc113b65b5793a0620108f66,"Ceci est une version de démonstration du jeu. Elle ne reflète pas entièrement la qualité de la version finale, y compris les traductions.Partagez vos avis, suggestions et signalements de bugs via l'outil de commentaires intégré au jeu ou notre page de la communauté Steam.Votre expérience nous aidera à faire de la version complète de KuloNiku la meilleure possible.Merci de nous aider à cuisiner quelque chose de spécial !",reviewed,Compatibilité avec la démo 0.10.5 ; source différente de la version complète.
UI_FRIENDSHIP_TITLE,653fbb57e9af6d6c8fe86bea94aa07f06637f2e057dff53584d873ebe23d36b6,Amitié,reviewed,Compatibilité avec la démo 0.10.5 ; source différente de la version complète.
HANGOUT_CASSIE_1_REWARD_TITLE,ea678be2841734a3bc277ab04be90355f2f5211290a448f0cfb2fc63020cb28c,Débloquer le centre commercial,reviewed,Compatibilité avec la démo 0.10.5 ; source différente de la version complète.
HANGOUT_UME_2_REWARD_DESC,f357e87e59c395c9444b699c78ceb676f5b864b5d32ef14f102be83a333aed27,Nouveau réassort en boutique,reviewed,Compatibilité avec la démo 0.10.5 ; source différente de la version complète.
HANGOUT_UME_3_REWARD_DESC,1f01927d578c03142f6e26c679139ad4d35adb6c177b4ad4f2b8c7edd3f7d2fc,Nouveaux ingrédients premium (Ume),reviewed,Compatibilité avec la démo 0.10.5 ; source différente de la version complète.
ACTION_HIDEUI,183d3eb555d60de7768416de2f0bb5e6ec724ec8594e8051542076e286a996a5,Masquer,reviewed,Compatibilité avec la démo 0.10.5 ; source différente de la version complète.
NEWGAME_CONFIRMATION,aefd11b91390081e08f2a43296689e7538ae2d1d5346a3927ff9b80815bd044d,Commencer une nouvelle partie ?<br>(la sauvegarde actuelle sera perdue),reviewed,Compatibilité avec la démo 0.10.5 ; source différente de la version complète.
MAINMENU_CONFIRMATION,a35e05c66ec6a310cd00cfde6f49ab00901b9b081a14071889215d716bd12c96,Retourner au menu principal ?<br>La progression en cours sera perdue.,reviewed,Compatibilité avec la démo 0.10.5 ; source différente de la version complète.
REWARD_AFFECTION,87fbf2395a3c776df08eccc6b5b8d1eef592b7897cf8bbe6643b8728d4065696,+[X] amitié,reviewed,Compatibilité avec la démo 0.10.5 ; source différente de la version complète.
NO_OBJECTIVE,93f316f26c91417fcfd0ed99e161f90d1086aaac5fa4f64a3e145ab175f32d0b,Aucun objectif.,reviewed,Compatibilité avec la démo 0.10.5 ; source différente de la version complète.
ACTION_SAVING,c5e3cc09783a84cb7b29909fa045921d549a35bace62c0e5689054614f3b8209,Sauvegarde..,reviewed,Compatibilité avec la démo 0.10.5 ; source différente de la version complète.
UI_DATE_ACTIVITY_DEEPEN_BOND,3dfd4127137edad1b7b746a4ca13ef33b7d173d90b841232b1e2a0c42b14519a,Renforcer le lien,reviewed,Compatibilité avec la démo 0.10.5 ; source différente de la version complète.
Dialogue/,6e340b9cffb37a989ca544e6bb780a2c78901d3fb33738768511a30617afa01d,"Mais maintenant, je suis prête. Je parle mieux par ma cuisine.",reviewed,Compatibilité avec la démo 0.10.5 ; source différente de la version complète.
Dialogue/MAMI_GOOD_REVIEW_1,99b5a80d07dcaffd3497144cc935fdc0761004d247b2e73f5d621e4b25e1fad9,Oui ! C'est bon !,reviewed,Compatibilité avec la démo 0.10.5 ; source différente de la version complète.
Dialogue/UME_GOOD_REVIEW_2,117d2b0a623c8c6831ff6fa42cb736b04a6c98ee9ca2ba2a8560b5bedd5fb1df,C'est vraiment très bon... Merci.,reviewed,Compatibilité avec la démo 0.10.5 ; source différente de la version complète.
Dialogue/UME_GOOD_REVIEW_3,1be5f53977f95fee54dc47b01ea304a991396925e46474672daa185d05909870,Ça sent merveilleusement bon... Je vois que tu as cuisiné avec grand soin.,reviewed,Compatibilité avec la démo 0.10.5 ; source différente de la version complète.
Dialogue/SHUGA_REFUND_SAD_1,9d3e771d77a0b992680abb96557bcca879ccd282e0b72a0e8d46734bd31e8dbd,"À la réflexion, je peux être remboursé ? J'aurais besoin de cet argent, héhé.",reviewed,Compatibilité avec la démo 0.10.5 ; source différente de la version complète.
Dialogue/TUTORIALCOOKINGSTART_14,966dcc79c5369d465004ee07d6192502c5a418f1964b1f21b59c0dc11cee99f7,Je te mets au défi de me préparer un bol de nouilles aux boulettes !,reviewed,Compatibilité avec la démo 0.10.5 ; source différente de la version complète.
Dialogue/MAMIINTROEND_3,a3fc6f8ee6223136552cb4bf74d6dfeeee888045fdd71b524a17ed4f1962bbf2,J'apprendrai les astuces des grandes villes pour propulser la gastronomie de KuloNiku encore plus haut !,reviewed,Compatibilité avec la démo 0.10.5 ; source différente de la version complète.
Dialogue/UMEINTRO_4,7cecc8317eeab9fc740c8572602b64c528e7ffd4ed7d8d33707c7939124a2410,M-Ma famille tient l'épicerie du coin. Elle s'appelle [COLOR=ALERT]Ume Shop[/COLOR]. ,reviewed,Compatibilité avec la démo 0.10.5 ; source différente de la version complète.
Dialogue/CRYPTIC_DISLIKED_2,2f8261621505eb4230a7018231d6759817890a6b1b72588c2e3f18bddd264fb7,Pas de {2}. Je n'aime pas ça.,reviewed,Compatibilité avec la démo 0.10.5 ; source différente de la version complète.
Dialogue/CRYPTIC_COMMON_LIKED_1,e9c4732278d525aa6c8285969dff1a1b8f7be9cf585fa4cbc506c29dd0d3e9ed,Ajoutez bien plus de {1}.,reviewed,Compatibilité avec la démo 0.10.5 ; source différente de la version complète.
Dialogue/CRYPTIC_COMMON_LIKED_2,dda31956b0ca337511ac993e071a82103f933bc5a0096424946f8dfe802ac2da,Oh je voudrais plus de {1} avec.,reviewed,Compatibilité avec la démo 0.10.5 ; source différente de la version complète.
Dialogue/CRYPTIC_ENERGETIC_LIKED_2,ff874e4233b92bc1eff57e6cabaed142d33286a436f81ff756b4bf93f33b2449,Donnez-moi aussi plus de {1} !,reviewed,Compatibilité avec la démo 0.10.5 ; source différente de la version complète.
Dialogue/CRYPTIC_POETIC_LIKED_1,9cd51a0941037e5fb3d6a64b4c8ffe82743eac640d3e826a71804765dc5b8e6c,Si vous avez {1}... j'en veux plus.,reviewed,Compatibilité avec la démo 0.10.5 ; source différente de la version complète.
Dialogue/CRYPTIC_POETIC_LIKED_2,615d78ec2c8eaaf11205081e9e3a5469d896354f5c32b2828536c707ebd0b257,{1} est l'accompagnement parfait.,reviewed,Compatibilité avec la démo 0.10.5 ; source différente de la version complète.
Dialogue/CRYPTIC_POETIC_LIKED_3,265645e8f9fddefbc2b823b51fc2534f1f60cdfed587d62b5dec9cfa4c1db364,Avec plus de {1} ce serait divin.,reviewed,Compatibilité avec la démo 0.10.5 ; source différente de la version complète.
Dialogue/CRYPTIC_SHY_LIKED_1,5bc0bf9b686ba7ec8f8a6a4a8a8dc625d9274e4be475c8aa0f5f0790c977dc3b,Et euh plus de {1} si possible.,reviewed,Compatibilité avec la démo 0.10.5 ; source différente de la version complète.
Dialogue/CRYPTIC_SHY_LIKED_2,fda61cdd88982525ade1ddc5217754a59f96cf2385ba28c395e8837d06c56295,V-Vous avez plus de {1} ? J'en voudrais un peu...,reviewed,Compatibilité avec la démo 0.10.5 ; source différente de la version complète.
Dialogue/CRYPTIC_SHY_LIKED_3,bff64ede29b39ac66d9966a99bf01a6c9d4577520959ae2990a4cf2426fb7df3,Est-ce possible d'ajouter plus de {1} ?,reviewed,Compatibilité avec la démo 0.10.5 ; source différente de la version complète.
Dialogue/CRYPTIC_COOL_ENTER_3,fd090d48ae8721f615c3ff5b0aa27025ea5c0cc67f8000ad4e7bcc3821f91739,Ma journée est bien meilleure maintenant que je vous vois.,reviewed,Compatibilité avec la démo 0.10.5 ; source différente de la version complète.
Dialogue/CRYPTIC_COOL_LIKED_1,d826ab466cbfcd3513f9c4c200837d0023342ffcbaac76a1f56b17ecade7bafc,Et si vous avez plus de {1} ce serait parfait.,reviewed,Compatibilité avec la démo 0.10.5 ; source différente de la version complète.
Dialogue/CRYPTIC_COOL_LIKED_3,7770213077aef8329576065037c027c37f5186c1c829961b9ef71a9bf6a0b16e,Et plus de {1} s'il vous plaît.,reviewed,Compatibilité avec la démo 0.10.5 ; source différente de la version complète.
Dialogue/CRYPTIC_MAMI_LIKED_2,17f9ddd0c162052a1dfa738f4e35fc0a52fc6a44dc657f3578a8b6499f920121,Donne-moi plus de {1}. C'est les meilleurs !,reviewed,Compatibilité avec la démo 0.10.5 ; source différente de la version complète.
Dialogue/CRYPTIC_UME_BOWL_1,a8121a1ffd69ca4ac08d7ff8fcf039ad382a40feb0f7d70becae30ecd6425acf,{0} a l'air délicieux... ,reviewed,Compatibilité avec la démo 0.10.5 ; source différente de la version complète.
Dialogue/CRYPTIC_UME_LIKED_1,21c630244249d2e5eb3d4af994df24cf497114a315128926cceb8dab68a6e9b6,Shuga m'a recommandé votre {1}. Euh j'en voudrais plus s'il vous plaît.,reviewed,Compatibilité avec la démo 0.10.5 ; source différente de la version complète.
Dialogue/CONTEST_HOSTINTRO_1,e47ae1944a7b28f6a9ddc5e3eca046bb9e3e3ab1e1aec882710e286bcf221a8d,"Je suis votre animateur, l'unique Rosso ! Oh ouais ! Que les sourires fleurissent !",reviewed,Compatibilité avec la démo 0.10.5 ; source différente de la version complète.
Dialogue/CONTEST_BEFORECOOKING_1,755c6e3c06a46a94481f232d5ddc615aec666876a7b5c0c76828ddae1eedebeb,"À vos marques, prêts, DUEL !",reviewed,Compatibilité avec la démo 0.10.5 ; source différente de la version complète.
Dialogue/CONTEST_SCORE_BAD_2_1,885ff64be9e17d66e4ff3417d448e10cb1300428281a768679729d57a3bb71c2,Pas ce qu'on voulait voir ! Mais ça ne sert à rien de pleurer sur le bouillon renversé !,reviewed,Compatibilité avec la démo 0.10.5 ; source différente de la version complète.
Dialogue/CONTEST_PARTNER_INTRO_UME_2,aec5da5038ef0619a7689bbfa8c975266bda98548c7e674d41552c4891e5438d,"De la boutique d'Ume, voici Ume en personne ! Elle adore lire et compte utiliser tout son savoir pour décrocher la victoire !",reviewed,Compatibilité avec la démo 0.10.5 ; source différente de la version complète.
Dialogue/CONTEST_PARTNER_INTRO_SHUGA_1,fbe36d9add78c9451cf771fad1ff3d1a1515d94ed28f9780bbaf086075fc832f,"Oh, mais c'est Shuga ! Touche-à-tout, il peut compenser les faiblesses de n'importe qui ! Un précieux partenaire de duel !",reviewed,Compatibilité avec la démo 0.10.5 ; source différente de la version complète.
Dialogue/CONTEST_PARTNER_INTRO_CASSIE_3,929b67a46834c39ff298c82c9d70cf63e78554a4720bc1699a7f4a7c9bd8d614,Accueillons Cassie ! Elle adore les nouveautés et les nouvelles expériences ! Ce duel sera donc inoubliable !,reviewed,Compatibilité avec la démo 0.10.5 ; source différente de la version complète.
Dialogue/CONTEST_PARTNER_INTRO_STELLA_2,0218ca6159f492108fcb6d5650ca0b3fdb986a8c48347ff8a9692e998ad4fa40,"Attention, les amis ! C'est Stella elle-même ! Sa cuisine frappe aussi fort que sa musique ! Une partenaire de duel à ne pas chercher !",reviewed,Compatibilité avec la démo 0.10.5 ; source différente de la version complète.
Dialogue/CONTEST_PARTNER_INTRO_NOKA,5e17b44f64e8a32d67d5a01e6dd89516884b5b25a2460f98e513b78f000dc4d3,L'émissaire du royaume végétal est là ! La connaissance de Noka des légumes les plus savoureux sera sûrement utile !,reviewed,Compatibilité avec la démo 0.10.5 ; source différente de la version complète.
Dialogue/CONTEST_PARTNER_INTRO_RUNA,ff024b2cc2a5724eb3db857cde7e7a4857b770485804c491241b394174594af2,"C'est Runa ! Elle garde toujours son sang-froid, en musique comme en cuisine. Une partenaire de duel vraiment fiable !",reviewed,Compatibilité avec la démo 0.10.5 ; source différente de la version complète.
Dialogue/CONTEST_PARTNER_INTRO_NEKORA,c23335a8482084107d6dd5c9df314b5236384932ca55210da6ce13781ddaa5e7,"Mignonne et imprévisible comme un vrai chat, c'est Nekora ! Elle est prête à griffer son chemin vers la victoire pour son équipe !",reviewed,Compatibilité avec la démo 0.10.5 ; source différente de la version complète.
Dialogue/CONTEST_PARTNER_INTRO_SOPHIE,0e812210fb78c76d23501957bb8af480b0aeefe6598bb9ad5855e286b5fad599,"Oo la la, c'est Sophie ! Même dans le feu d'un Duel culinaire, elle ne transpire jamais ! Une cheffe pleine de classe !",reviewed,Compatibilité avec la démo 0.10.5 ; source différente de la version complète.
Dialogue/CONTEST_PARTNER_INTRO_JOCKO,f1527f25d7c4129aa4f145b77792040761a62481efac43323cc7f651119811fd,"En halte sur son parcours de jogging, voici Jocko ! Il connaît les meilleurs macronutriments à mettre dans chaque bol !",reviewed,Compatibilité avec la démo 0.10.5 ; source différente de la version complète.
Dialogue/OPPONENT_INTRO_MAMI,fbc93a8a6bad92e4bac3bb345230a882c6a2e1185eb1f9b70c2a70eca234b956,"Et ce n'est autre que Mami ! Fière membre de l'association des commerçants de KuloNiku, ses plats sont aussi viraux que délicieux !",reviewed,Compatibilité avec la démo 0.10.5 ; source différente de la version complète.
Dialogue/OPPONENT_INTRO_ELIO,a98955145d8989b5b01b585025b30f40b9e09c1f57026e8ef09bef480404eb9d,"Voici Elio, prêt à relever le défi ! Batteur insouciant des Galaxies, ses plats sont aussi percutants et affûtés que sa musique !",reviewed,Compatibilité avec la démo 0.10.5 ; source différente de la version complète.
Dialogue/OPPONENT_INTRO_CHU,55c4680b6fdfd298b811316352a1bd11415fea4ff953985bf7a39166cbc03750,"Mr. Chu est là ! En tant que marchand ambulant, il a sûrement appris diverses techniques de cuisine ! Voyons ce qu'il sait faire !",reviewed,Compatibilité avec la démo 0.10.5 ; source différente de la version complète.
Dialogue/OPPONENT_INTRO_OTARU,5c25c85f1e4e5e3c0805e8da4644f9d48d30b19819788eb7d39cc0f73041a9a0,"C'est Otaru ! Son amour pour Migu est sans limites ! Il a regardé des centaines d'animes de cuisine, voyons ce qu'il vaut aux fourneaux !",reviewed,Compatibilité avec la démo 0.10.5 ; source différente de la version complète.
Dialogue/OPPONENT_INTRO_TYRO,f19977023d4fbe3d97860f78cff1d7153143445a7e74146cd0a8525713e29141,"C'est Tyro ! Attention, tout le monde ! Il est petit, mais sa morsure est redoutable ! Tout comme sa cuisine !",reviewed,Compatibilité avec la démo 0.10.5 ; source différente de la version complète.
Dialogue/OPPONENT_INTRO_NEKORA,275aaf628f3c92f1811f153ed87b20d4e209ddf411b9d4d81b7ea3c3bdb2590a,"Nyan nyan, Nekora est là ! Ce chat a des griffes, alors attention ! Ses omelettes signature brisent les oeufs, mais aussi les coeurs !",reviewed,Compatibilité avec la démo 0.10.5 ; source différente de la version complète.
Dialogue/OPPONENT_INTRO_JEN,bbe63b41d2a13cb1a4f57d4ed2cb234926544f27d2b65cd00e3ffde1b41ef7e7,Faites du bruit pour Jen ! Cette icône de mode s'est récemment lancée dans les vêtements comestibles ! Tout ce qu'elle porte aujourd'hui se mange !,reviewed,Compatibilité avec la démo 0.10.5 ; source différente de la version complète.
Dialogue/OPPONENT_INTRO_SAI,607b10057aebd8930f88601c3e67fe413735e09ecca987cf9dda8aad392d3666,"Oh là là, c'est Sai ! Rejeté par la communauté scientifique pour ses idées folles, il se tourne désormais vers la cuisine ! Quelle expérience allons-nous voir aujourd'hui ?!",reviewed,Compatibilité avec la démo 0.10.5 ; source différente de la version complète.
Dialogue/OPPONENT_INTRO_LADO,1adaf3a8bf0931a7f47fc136c1e253807d8f928de28072649b5cb110635a2923,"Voici Lado ! Ce jeune homme consacre sa vie à étudier les restaurants de KuloNiku ! Aujourd'hui, place à la recherche de terrain en cuisine !",reviewed,Compatibilité avec la démo 0.10.5 ; source différente de la version complète.
Dialogue/OPPONENT_INTRO_SOPHIE,b775d90796cbb0ac35512d74bb27f1873c9557bc4e27adaeb6d93f8e4583603a,"Veuillez accueillir Sophie ! Propriétaire de Lady's Ladle, sa cuisine élégante est vraiment la crème de la crème !",reviewed,Compatibilité avec la démo 0.10.5 ; source différente de la version complète.
Dialogue/OPPONENT_INTRO_NENE,bd0be0963f5b7775cff6b3c77e49a5c68cc52bad89e6274c4428d935e464752d,"Ô cosmos, voici notre chère Nene ! Ses jambes tremblent et elle avance lentement, mais sa cuisine est toujours aussi aiguisée !",reviewed,Compatibilité avec la démo 0.10.5 ; source différente de la version complète.
Dialogue/OPPONENT_INTRO_JAYA,5c0c48b0e92326962fb761fcc9193f879b2fb8262346646c84420e3d97b158ce,"Voici Jaya ! Toujours discipliné, respectueux des lois et ordonné, il cuisine à son image ! Malfaiteurs, attention !",reviewed,Compatibilité avec la démo 0.10.5 ; source différente de la version complète.
Dialogue/MAMICONTEST_PREGAME_5,e85aee0c48ee50893eebd339f983f95085e9fdc251d4e2c47bd6f35947a48404,"Bref, j'espère que tu es prêt à tout apprendre sur les Duels culinaires !",reviewed,Compatibilité avec la démo 0.10.5 ; source différente de la version complète.
Dialogue/MAMICONTESTEND_1,071589522c941886149dbbb87e3e2a42ec40b1bbc7a8d5e48708e6acd41b42e7,Tu sais maintenant comment se déroule un Duel culinaire.,reviewed,Compatibilité avec la démo 0.10.5 ; source différente de la version complète.
Dialogue/MAMICONTESTEND_5,9a41487f16211011208d817a1869eed7f9330e9317d297d10844581e5c3e0a4d,"Bon, il se fait tard. À plus !",reviewed,Compatibilité avec la démo 0.10.5 ; source différente de la version complète.
Dialogue/MAMICONTESTCHALLENGE_2,50b2286b1239ab2c3633488642a04dcd14aa0cfbce133631e86dcf30850f8fe0,"Oui ! Contente que tu te souviennes, [NAME] !",reviewed,Compatibilité avec la démo 0.10.5 ; source différente de la version complète.
Dialogue/MAMICONTESTCHALLENGE_5,9e4dd9325f55bd3e252bbcba69bfcb528d77f4de22f18b86baeb326006a0caa2,"Comme je te l'ai dit, ta grand-mère nous a rendus accros à la cuisine, surtout aux boulettes ! Tous les restaurants en servent !",reviewed,Compatibilité avec la démo 0.10.5 ; source différente de la version complète.
Dialogue/MAMICONTESTCHALLENGE_6,a9fd124c248978f018f93476c8d9e08bef24118d6d5a5bba8301e0020e3dc77b,"Pour que ton restaurant se démarque, tu dois augmenter ton [COLOR=ALERT]niveau de réputation[/COLOR]. Et il n'y a qu'un moyen infaillible.",reviewed,Compatibilité avec la démo 0.10.5 ; source différente de la version complète.
Dialogue/MAMICONTESTCHALLENGE_7,298bd9bc806cab2b8719246eb06222ba8da795e77f1648df82e5d35b6a73868f,"En battant d'autres chefs dans des duels culinaires, jugés par les habitants. Ces duels survoltés s'appellent...",reviewed,Compatibilité avec la démo 0.10.5 ; source différente de la version complète.
Dialogue/MAMICONTESTCHALLENGE_8,91d7a903a568a0e2c301b8254115a49eb8597df9693df2ba32a8a3b15998472c,[COLOR=ALERT]les Duels culinaires ![/COLOR] Ou Duels pour faire court !,reviewed,Compatibilité avec la démo 0.10.5 ; source différente de la version complète.
Dialogue/MAMICONTESTCHALLENGE_10B,300c4c74e7fffba54799af473c6c407b061dc63c33276d88421aa54f9f18cf05,"D'habitude, ils n'ont lieu que les [COLOR=ALERT]lundis[/COLOR] et les [COLOR=ALERT]jeudis[/COLOR], mais je vais tirer quelques ficelles pour en organiser un demain.",reviewed,Compatibilité avec la démo 0.10.5 ; source différente de la version complète.
Dialogue/STELLACONTEST_PREGAME_1,257c15248fc657a053b171153f5dccafa7a36d606ce1726382ab3f5a8c7bc293,"Hé, minable ! Hé, alors tu es vraiment venu. ",reviewed,Compatibilité avec la démo 0.10.5 ; source différente de la version complète.
Dialogue/STELLACONTEST_PLAYERLOST_1,d48a512504944be7e1bcdc8b47238e7390d474a2f9095bcf7ae9999fb1bda89c,Bwahahaha ! J'ai gagné !,reviewed,Compatibilité avec la démo 0.10.5 ; source différente de la version complète.
Dialogue/NIGHTEVENT_DAYOFF_CONFIRM_1,24406133c297021fc840dbb8f316cade870aee267d80ee9b2f2b6c2efe391302,"Demain, je suis en [COLOR=ALERT]repos[/COLOR]. Voir [PARTNER] ?[END_NIGHT_WARNING]",reviewed,Compatibilité avec la démo 0.10.5 ; source différente de la version complète.
Dialogue/NIGHTEVENT_SKIP_TO_DAYOFF_CONFIRMATION,02a283a179813aceccd74dbdde4190d69c55e650b44f05395c64943af8d64e52,"Passer au [DAYOFF] pour sortir ? Je ne gérerai pas Bakuso et ne participerai pas aux festivals, mais je gagnerai de l'argent.[END_NIGHT_WARNING]",reviewed,Compatibilité avec la démo 0.10.5 ; source différente de la version complète.
Dialogue/DAN_TALK_AFF_1_1,de2fbba56308d9d1201158ec4f35301bb895868e8d257823ba6003340b1f121a,"Ah, Successeur. Ta silhouette altière m'inspire toujours.",reviewed,Compatibilité avec la démo 0.10.5 ; source différente de la version complète.
Dialogue/DIALOGUE_VNM7_3,93a42172103d6f01841b5f9a578554a3303fe940e291a873e6f42c38ce24547a,"Bien se reposer, c'est important aussi. Il ne faut pas t'épuiser.",reviewed,Compatibilité avec la démo 0.10.5 ; source différente de la version complète.
Dialogue/DIALOGUERESTBLOCKER_VNM9_1,ee31302d38ccf51735b7e011f7d6bb5c1023413ad244f8fe4dca2f50c3d88d62,Stella veut me retrouver devant la [COLOR=ALERT]chaîne de télé[/COLOR]. J'espère qu'elle ne prévoit pas de me détrousser...,reviewed,Compatibilité avec la démo 0.10.5 ; source différente de la version complète.
Dialogue/CRYPTIC_CRANKY_LIKED_3,787d7bfe4e792d3f09f82ec6942be50a6851674767ce6e0009d0b16cb9b8e11a,Pas assez... plus de {1} !,reviewed,Compatibilité avec la démo 0.10.5 ; source différente de la version complète.
Dialogue/CRYPTIC_CRANKY_DISLIKED_3,9abf8063ac5aee08c7e387aa63263009ccad3b1eec3501d17feb91a1594360ff,"Ah oui, pas de {2}.",reviewed,Compatibilité avec la démo 0.10.5 ; source différente de la version complète.
Dialogue/CRYPTIC_CRANKY_TASTE_1,e38105a1377a877eadbc95a2bc6d414e8a7b7d7f803dd0fc46105ff5e71fd85c,"Attends, attends, je le veux {TASTE} !",reviewed,Compatibilité avec la démo 0.10.5 ; source différente de la version complète.
Dialogue/CRYPTIC_CHILDISH_ENTER_1,7d82876161183c52927b5bc93e1f69bca6f6ceca24d62b65bc6fd9b40215c099,"Bonjour. Je voudrais commander, s'il vous plaît !",reviewed,Compatibilité avec la démo 0.10.5 ; source différente de la version complète.
Dialogue/CRYPTIC_CHILDISH_ENTER_3,b18e7605dba39cae85a1c021e4e19e44bbcba941b768d44e4b72f9450673b52c,J'ai économisé mon argent de poche pour manger ici !,reviewed,Compatibilité avec la démo 0.10.5 ; source différente de la version complète.
Dialogue/CRYPTIC_CHILDISH_LIKED_2,c294f8bf3e31ae9d2b44ce05a23fa7c4c1cbec3170a7a980a3da8c7c214b1e4e,"Plus de {1}, merci !",reviewed,Compatibilité avec la démo 0.10.5 ; source différente de la version complète.
Dialogue/CRYPTIC_SMART_ENTER_CRAFTABLE_RECIPE,5d23667bff5bc574ee00395c7838289aad9edcbbaa692951b374463d9d69258d,Vous ne pourriez pas me fournir du [CRAFTABLE_RECIPE] ? Cela éveille ma curiosité...,reviewed,Compatibilité avec la démo 0.10.5 ; source différente de la version complète.
Dialogue/CRYPTIC_SMART_TASTE_3,87b596a84ad6da15eeb9e75d3e17fbe0c26b0767104cfb976439f323dcab8d35,"Vous suivez toujours ? Faites-le {TASTE}, compris ?",reviewed,Compatibilité avec la démo 0.10.5 ; source différente de la version complète.
Dialogue/CRYPTIC_CRINGE_ENTER_1,e92b4058fecca25ac31648573b6dc6dc6bfccd1f0e900fcf7e3b37c3d0207aef,"Hello, hello ! Ça va ? Moi, ça va bien, merci !",reviewed,Compatibilité avec la démo 0.10.5 ; source différente de la version complète.
Dialogue/CRYPTIC_CRINGE_LIKED_3,515741a96ce37a4ecd1026d4bd270ca4871942e331f3459e1fe77606fe37657d,"Hi hi, plus de {1} pour moi.",reviewed,Compatibilité avec la démo 0.10.5 ; source différente de la version complète.
Dialogue/ENERGETIC_HAPPY_REVIEW_3,e564d65e97e919448444e709c225a8388a15cb8d9f5afb00fd790584d8b77053,Wououh !! Voir un bol aussi parfait me remplit d'espoir !,reviewed,Compatibilité avec la démo 0.10.5 ; source différente de la version complète.
Dialogue/POETIC_HAPPY_REVIEW_2,0f15ea0af1d747f38d77dd220c9565c41b7be99ed9e75ef9a41d953a213bd175,Voilà un bol vraiment parfait ! Ton talent culinaire est sans égal.,reviewed,Compatibilité avec la démo 0.10.5 ; source différente de la version complète.
Dialogue/CRINGE_HAPPY_REVIEW_3,f3e16e68f966fb6198d807dcd2d0522e0306b0bb641c327db771f2f18039a368,Waa ! Je vais faire un selfie avec ce plat et récolter un million de likes !,reviewed,Compatibilité avec la démo 0.10.5 ; source différente de la version complète.
Dialogue/PLAYER_SLEEP_DAYOFF_CONFIRMATION,73183ee3e42106caa236ac29032b5526cefeb9dda5a4f9493e11c4f1d8166c11,"(Demain, c'est mon [COLOR=ALERT]jour de repos[/COLOR]. Est-ce que je devrais le passer à Bakuso pour profiter d'un peu de temps pour moi ?)[END_NIGHT_WARNING]",reviewed,Compatibilité avec la démo 0.10.5 ; source différente de la version complète.
Dialogue/VNLOCATION_PARK,14fad4b7983425c8c802c9732de843eace9f85f56a3cb82eae9c9522ee542561,Parc municipal,reviewed,Compatibilité avec la démo 0.10.5 ; source différente de la version complète.
Dialogue/VNLOCATION_BEACH_NAME,5edc65b8d4ba7b3ce74d392cb54736d2d827d286d8fc59af3e66c1c287a58437,Plage de Mizuaru,reviewed,Compatibilité avec la démo 0.10.5 ; source différente de la version complète.
Dialogue/VNLOCATION_BEACH_DESC,bf9640b03f545298fc775a08569eacd54e6f4c005199a66e053e6c4df9683500,"Sable blanc, eau bleue limpide. Les parasols colorés et les poufs en font un coin détente idéal.",reviewed,Compatibilité avec la démo 0.10.5 ; source différente de la version complète.
Dialogue/VNLOCATION_PARK_DESC,4e3a146d15627446f6a8978b66957a76551fa61e0779768195180ab90691c242,"Un paisible parc urbain rempli de bancs, de fleurs et d'une fontaine historique : une pause fraîche au coeur de la ville.",reviewed,Compatibilité avec la démo 0.10.5 ; source différente de la version complète.
Dialogue/NIGHT_EVENT_BRAWL_SKIP_DAYS_CONFIRM,deb51d2fb3d5b56e6e72c495e21633e127cdc51f006370a6713aae1b99c3d94d,"Passer au [DAYOFF] pour un Duel ? Je ne gérerai pas Bakuso ni ne participerai aux Festivals, mais je gagnerai des pièces passives.[END_NIGHT_WARNING]",reviewed,Compatibilité avec la démo 0.10.5 ; source différente de la version complète.
Dialogue/CEM6_2,9c2651d3320fad98438679d3ac0b87a63783ee4942265b659a674422a041b1ee,Je viens prendre de tes nouvelles ! Tu prends tes marques ?,reviewed,Compatibilité avec la démo 0.10.5 ; source différente de la version complète.
Dialogue/CEM6_7,6a615ef7114c4d82ffba6ddec648a833b6dd1c0d2e45ef0da9b5bab3f20320b1,"Pour être honnête, quelle surprise de te voir battre Stella au Duel culinaire.",reviewed,Compatibilité avec la démo 0.10.5 ; source différente de la version complète.
Dialogue/CEM6_17,66ee172855a433227537f6b2ccfc01e58d2eb37b5ee2a6651343d1703ee847f3,Voici de quoi augmenter tes chances : du [COLOR=ALERT]pak-choï mariné[/COLOR] ! Tout droit de chez Ume !,reviewed,Compatibilité avec la démo 0.10.5 ; source différente de la version complète.
Dialogue/VNM12_CHOICE_1,645fefdae8b802b573120430e4e0e921815e158ab2bfa774c64c760fcfb379b7,"J-J'ai atterri dans un Duel culinaire, là ?!",reviewed,Compatibilité avec la démo 0.10.5 ; source différente de la version complète.
Dialogue/VNM15_10,4ecad9a28dc5548d9a31c3f2c6a045c1ca71b5306d113769ac379b1f7984168a,"Ne me prends pas à la légère, hein ? J'ai hissé Meatbeats au huitième rang avec mon sang, ma sueur et mes larmes ! Vingt heures par semaine !",reviewed,Compatibilité avec la démo 0.10.5 ; source différente de la version complète.
Dialogue/VNM19_2,289df804621170642376e72280ed3418e1cf732fe2cf73a5af7b2ffcbbbfc17a,"Désolé d'en arriver là... Mais je suis plutôt impatient de t'affronter, tu vois ?",reviewed,Compatibilité avec la démo 0.10.5 ; source différente de la version complète.
Dialogue/VNM19_4,f99238009e29720d7aa2aa2cb26dbb250eef254431583fd623ff9209c2bd2b5b,"Quoi qu'il arrive, on reste amis, d'accord ? Rien de personnel.",reviewed,Compatibilité avec la démo 0.10.5 ; source différente de la version complète.
Dialogue/VNM20_PLAYERWIN_3,ef2d729b89fe946581fc64991ca395d115d939ab323c8f8f105c7f5ce01efb62,"Je pensais pouvoir te battre au Duel culinaire pour remonter le moral de Stella, mais je suis encore trop faible. Mon dévouement est trop faible...",reviewed,Compatibilité avec la démo 0.10.5 ; source différente de la version complète.
Dialogue/VNM20_PLAYERWIN_6,cabf5cb5ea71865953921c301e48bda94c171f40c8aa1cebdb3f7b8932338df1,Tu sais quoi ? J'ai une super idée pour faire passer Bakuso au niveau supérieur.,reviewed,Compatibilité avec la démo 0.10.5 ; source différente de la version complète.
Dialogue/VNM20_PLAYERWIN_12,2b49ea79da9222d44d79faef69723ec50c4bec0ac688dc1963b7f3119e3a0dee,"Plus tu prépares de commandes selon le thème du Festival, plus tu gagnes d'argent. Parfois même des bons !",reviewed,Compatibilité avec la démo 0.10.5 ; source différente de la version complète.
Dialogue/VNM23_5,7604cfc1a38901c0e856b8e466206982e2966b715038ff2f4fda3bbc1de6189d,"Eh bien, t-tu te trompes ! Je te prouverai que l'espionnage est ton véritable domaine !",reviewed,Compatibilité avec la démo 0.10.5 ; source différente de la version complète.
Dialogue/GPB4_1,60fe3739005bf3a7da7ed935126c4d4e860831c2aa9e920d89da7f3abefad014,Le concurrent du jour vient tout juste de reprendre The Secret Plate ! Quels talents culinaires ces yeux bleus cachent-ils ? Accueillons Dan !,reviewed,Compatibilité avec la démo 0.10.5 ; source différente de la version complète.
Dialogue/VNM24_END_4,08ffcec69825ee1e8e23ee5e4cecc9632fd2eed7db50f0baeacb128ce9fa0b56,"Je ne connaissais pas ce passé. Je te trouvais un peu étrange, mais je n'aurais jamais imaginé que tu étais espion.",reviewed,Compatibilité avec la démo 0.10.5 ; source différente de la version complète.
Dialogue/VNM24_PLAYERLOSE_2,02a7ab9c3bae4714f9e9f3d96d33f6ce2ea87012520b9bd12322d1162e42445b,"Mais toi... Tu n'as pas l'air de renoncer. Pas encore, hein ?",reviewed,Compatibilité avec la démo 0.10.5 ; source différente de la version complète.
Dialogue/VNM24_PLAYERLOSE_3,e32f1ba2fac3eb2c28e52904ff95fa057f3bf8f9c969323b8ef7222c08c52833,"Approche, Faucon. Je t'affronterai autant de fois que tu voudras. Je te ferai comprendre que tu n'es pas à ta place ici.",reviewed,Compatibilité avec la démo 0.10.5 ; source différente de la version complète.
Dialogue/VNM24_PLAYERWIN_2,27321e16ecde0b53d5400c1d47ba31515cbf44ade08b1dcda1c11dbc7ebf95a0,"Je croyais vraiment avoir une chance. Je t'aurais fait entendre raison, et nous serions rentrés ensemble au QG.",reviewed,Compatibilité avec la démo 0.10.5 ; source différente de la version complète.
Dialogue/VNM13_END_8,4573acb45e3111a5306ed604ce8f73f5916fe8b4ebfeea2700cdf0868080c34a,"Mais dernièrement, les gens voient la cuisine comme un simple moyen de gagner de l'argent ! Quelle tristesse ! Si Bakuso atteint le [COLOR=ALERT]rang 1[/COLOR], alors--",reviewed,Compatibilité avec la démo 0.10.5 ; source différente de la version complète.
Dialogue/VNM13_END_CHOICE_4,8760b0119625749c2209654a294e449e80590fcf6303d16effe3f2b0258042d1,Je veux cuisiner pour faire sourire tout le monde !,reviewed,Compatibilité avec la démo 0.10.5 ; source différente de la version complète.
Dialogue/VNM13_END_16,3e05e0581d9d0cf4350649d0cfe7c5927686b3ebd62b16dc2756bf217c8a8ea2,"Hmm. Très idéaliste... À ton âge, c'est normal, je suppose.",reviewed,Compatibilité avec la démo 0.10.5 ; source différente de la version complète.
Dialogue/VNM13_END_21,fae816ad02e976b54936efd62dd8922a912ab0737063e76956ad700421948428,"Oh, pardon, ce n'était pas mon intention. Je dis seulement qu'il y a beaucoup de belles carrières !",reviewed,Compatibilité avec la démo 0.10.5 ; source différente de la version complète.
Dialogue/VNM13_START_2,023db2f64089d8e47519020e930e81261f69ebe41a64d61cd6e90de8b1d3b952,"Regarde le [COLOR=ALERT]panneau d'affichage[/COLOR] et prépare-toi à une vision des plus palpitantes ! Oh, mon coeur ne va pas tenir !",reviewed,Compatibilité avec la démo 0.10.5 ; source différente de la version complète.
Dialogue/VNM13_RESTBLOCKER_1,e6f9a1c27199b00f2db6495a3f973954a7bba8df3c8302cf52d273c838cea041,(Rosso a dit de le retrouver devant la [COLOR=ALERT]chaîne de télévision[/COLOR]. Peut-être veut-il des conseils de mode ?),reviewed,Compatibilité avec la démo 0.10.5 ; source différente de la version complète.
Dialogue/VNM14_5,4bd2abbd0e2bc4c617429c788a1469ba4c6ff52f37e331f82bdf26d90578512d,J'-- Nous t'avons cherché partout. Mettre ce marchand sur écoute a fini par payer.,reviewed,Compatibilité avec la démo 0.10.5 ; source différente de la version complète.
Dialogue/VNM14_6,3c5b737104acfd25ec19babab2f1beaff952fc665ea14315e0eeec5e331870f3,Peu importe. Retournons au QG.,reviewed,Compatibilité avec la démo 0.10.5 ; source différente de la version complète.
Dialogue/VNM14_14,6bb09d42be1cf5ea0f99c12c6a926809e52b78dfe4ce0c0cb7a007a17fd6c729,"Très bien, je pars pour l'instant. Mais je te ramènerai, [NAME]... Non, Faucon. Je le jure sur mon honneur.",reviewed,Compatibilité avec la démo 0.10.5 ; source différente de la version complète.
Dialogue/CEM7_4,8b6f09f4a0c96fa2c1b159f6758d714d2e6009c0b5bae109bdccf6d6255be5bb,La réouverture de Bakuso ici a véritablement éveillé ma curiosité.,reviewed,Compatibilité avec la démo 0.10.5 ; source différente de la version complète.
Dialogue/CEM7_5,9b661441bce1107a9071d0d704b7284c7cd74a931c44db80a760d7bcc4eedbd0,"D'après mes recherches, ce restaurant et votre grand-mère étaient des piliers de la société.",reviewed,Compatibilité avec la démo 0.10.5 ; source différente de la version complète.
Dialogue/CEM7_6,7fe30ddb64e250205ece10a9b826acd9c3a4bb2bb33f7a56348255bab895c642,Les choses ont changé depuis. Mais en faisant revivre Bakuso... Vous perturbez peu à peu l'équilibre d'autrefois.,reviewed,Compatibilité avec la démo 0.10.5 ; source différente de la version complète.
Dialogue/VND1_2,7219350c9681b327f7b0ffaeab7b47c0a74357b677608cacf585da183ef01e6f,"Alors, tu vas quitter cette ville ? Je savais que tu voudrais retourner au QG.",reviewed,Compatibilité avec la démo 0.10.5 ; source différente de la version complète.
Dialogue/VND1_8,f50ae2d99b03e79a6695cc8c65ecd7afbf4d0fd8e702ec3f7ee9a995b4de0810,J'ai tout préparé.,reviewed,Compatibilité avec la démo 0.10.5 ; source différente de la version complète.
Dialogue/VND1_CHOICE_4,66f9251ee06ce7fcda39e49ae5fa44ff9382dbc80626985d3fc3dfbcc1a829c7,"Pour moi, c'était juste un mardi.",reviewed,Compatibilité avec la démo 0.10.5 ; source différente de la version complète.
Dialogue/VND1_18,361efc53a4d2a7895a01b10a6305365eb9e8ad52b480792c2d8f85f44dbb843e,"Oui, tu as eu d'innombrables missions à haut risque. J'imagine que celle-là n'était pas aussi spéciale pour toi que pour moi.",reviewed,Compatibilité avec la démo 0.10.5 ; source différente de la version complète.
Dialogue/GH_CASSIE_GENERIC_3_CHOICE_1,efa225e2b8ef05a4156e499aa29e57c8daabfe2ca95e0734ee5e9accd7d8f4cc,Vérifie maintenant ?,reviewed,Compatibilité avec la démo 0.10.5 ; source différente de la version complète.
Dialogue/GH_CASSIE_GENERIC_3_6,76e697e31fd2d7a9c3a0525460d671f874209b16286994d74a4cbcc75d51827f,"Les réseaux exigent de la régularité. Désolée, je vérifie.",reviewed,Compatibilité avec la démo 0.10.5 ; source différente de la version complète.
Dialogue/GH_CASSIE_GENERIC_3_10,00b404aaed4d1fd9e99fa88947bd9b39fa68306d866e6afacf66b9e913e3586d,Désolée de t'avoir fait attendre... Mais c'est important pour moi.,reviewed,Compatibilité avec la démo 0.10.5 ; source différente de la version complète.
Dialogue/GH_CASSIE_MALL_1_4,765397581c026b9faddba37a19fa819f6edaba8bf612642f86a6c434c955a659,"Pour être honnête, je l'aime toujours. Je vais le garder.",reviewed,Compatibilité avec la démo 0.10.5 ; source différente de la version complète.
Dialogue/GH_CASSIE_MALL_2_1,2f40d159c5bc3fe82593b3e0f6e192c91ef34c6d58530cf501e08dc7cd1ff1b1,J'adore me balader dans un centre commercial !,reviewed,Compatibilité avec la démo 0.10.5 ; source différente de la version complète.
Dialogue/GH_CASSIE_MALL_2_5,192b7a9393ecbba14fdd36b24bae0130f6637b6583c81b2d34669a50e16bde40,"Tout avec modération, non ? S'il y en avait partout, ils ne seraient plus spéciaux.",reviewed,Compatibilité avec la démo 0.10.5 ; source différente de la version complète.
Dialogue/GH_CASSIE_MALL_2_8,5207808999f21c29920055c43e37ec6c9676e388ae864d2997b8cabfff8bd240,"Hum hum, c'est juste.",reviewed,Compatibilité avec la démo 0.10.5 ; source différente de la version complète.
Dialogue/GH_CASSIE_GENERIC_1_2,b10780fc8bd0f1bb50e13b5aa64b7547f7f20d658dca4c27670aba2f5e0d4438,"Allez, souriez ! Oui, c'est super !",reviewed,Compatibilité avec la démo 0.10.5 ; source différente de la version complète.
Dialogue/GH_CASSIE_AQUARIUM_1_2,ca545e34b9eb7797210896c94396a229cc3958f6f1e6124944c1165223012856,Que dirais-tu d'ajouter des fruits de mer au menu ?,reviewed,Compatibilité avec la démo 0.10.5 ; source différente de la version complète.
Dialogue/GH_CASSIE_AQUARIUM_1_4,fbfe395d56edcf8d036613a6fe8e21b4f15dbc716631b46d674d7dcb1a047f67,On ne sait jamais quand l'inspiration frappe.,reviewed,Compatibilité avec la démo 0.10.5 ; source différente de la version complète.
Dialogue/GH_CASSIE_AQUARIUM_1_6,d2144cb4f6bb89fe3caf1bcd2e5f2d34cb9ed0de36ad5322b985bcf60eff940d,Je pense que ça peut marcher.,reviewed,Compatibilité avec la démo 0.10.5 ; source différente de la version complète.
Dialogue/GH_CASSIE_OUTDOOR_2_1,2f24ed29a8ca72f71267e982b0d1a56753be0f16bfdb124acbd74734ee73576c,L'air est bien plus pur ici qu'en ville.,reviewed,Compatibilité avec la démo 0.10.5 ; source différente de la version complète.
Dialogue/GH_CASSIE_INDOOR_2_6,f776b728710bd8f6559b4d43c6d6dd63a9bd7f27036e31523dc933e98d34cf69,Q-Quoi ? Stop !,reviewed,Compatibilité avec la démo 0.10.5 ; source différente de la version complète.
Dialogue/GH_CASSIE_INDOOR_1_1,3491228c9ff64ac318155bc2fb24f9d5099dd444f37b025182de9413887ab9a4,Il y a pas mal de monde aujourd'hui.,reviewed,Compatibilité avec la démo 0.10.5 ; source différente de la version complète.
Dialogue/GH_CASSIE_INDOOR_1_CHOICE_3,07a66068386b1207e68a98a9acb65ca2fa13807136cb8b7e6c18a50f406a8cc7,Partout est amusant avec toi !,reviewed,Compatibilité avec la démo 0.10.5 ; source différente de la version complète.
Dialogue/GH_CASSIE_OUTDOOR_1_CHOICE_2,f2a9b445fd543e1af4150f3802a0644f999a70265a96fc865e61a018956feeb8,"S'il pleut, allons à l'intérieur et attendons.",reviewed,Compatibilité avec la démo 0.10.5 ; source différente de la version complète.
Dialogue/GH_CASSIE_CLOSING_BEST_1,6dd40dbf675ba43083b125764550d441215f9e385e8d335a07a70851634e8887,Je me suis amusée [NAME]. Mes soeurs seront si jalouses ! Invite-moi encore quand tu veux !,reviewed,Compatibilité avec la démo 0.10.5 ; source différente de la version complète.
Dialogue/GH_SHUGA_BEACH_2_4,1f0180a11c664b3d15d4da6e39a62fcf9c048f4357cc903a35bb2ccc33708935,Je ne perdrai pas contre toi [NAME] !,reviewed,Compatibilité avec la démo 0.10.5 ; source différente de la version complète.
Dialogue/GH_SHUGA_GENERIC_1_1,eed448e386f4791ab2186204606f8f60a3338aa4751b9f9dc5478c93bc320a7c,"Hum hum, ils pourraient mettre la scène là et les sièges là...",reviewed,Compatibilité avec la démo 0.10.5 ; source différente de la version complète.
Dialogue/GH_SHUGA_GENERIC_1_2,36bed76166a4b9018cf3ddd67ce1ab9da30c2e96b5a52b44cb5aeddf33f4e5d0,J'imagine juste un mini-concert de Stella ici.,reviewed,Compatibilité avec la démo 0.10.5 ; source différente de la version complète.
Dialogue/GH_SHUGA_INDOOR_2_3,1e8bf5c77ac0088f9883d3e393bc0ec2ec481071244fb5bdfcbee4827a6b3041,Je pense prendre des lentilles mais je n'arrive pas à les mettre.,reviewed,Compatibilité avec la démo 0.10.5 ; source différente de la version complète.
Dialogue/GH_SHUGA_INDOOR_2_7,de433ae189d086d50d827996418c76fbc6c7c5e613c04ac2dd9ccc57103a3235,"Euh non, je ne veux pas t'embêter à chaque fois pour les mettre ou les enlever.",reviewed,Compatibilité avec la démo 0.10.5 ; source différente de la version complète.
Dialogue/GH_SHUGA_INDOOR_2_9,d8264438ca8fb37cb2ca8cd81fe52bb36f675d9a66b16cd4b38a87301ec1fefa,J'adore passer du temps dehors comme ça.,reviewed,Compatibilité avec la démo 0.10.5 ; source différente de la version complète.
Dialogue/GH_SHUGA_INDOOR_2_10,2f304e0d895c000d216f8c7aaad9506002e0abe33391750a10c6f9b3aeb6c268,C'est énergisant ! Je me sens en forme. Tu aimes le sport [NAME] ?,reviewed,Compatibilité avec la démo 0.10.5 ; source différente de la version complète.
Dialogue/GH_SHUGA_INDOOR_2_CHOICE_4,38cf79ed662c39c597688c0e49681e9eb452e395bce89cbd35a80d6ad8dcf523,J'adore ça !,reviewed,Compatibilité avec la démo 0.10.5 ; source différente de la version complète.
Dialogue/GH_SHUGA_INDOOR_2_11,b5c96f4694c1028cc8f6fd543676cc97b4b9784b9a305625384181d07cc8930c,Ah ouais ? C'est génial.,reviewed,Compatibilité avec la démo 0.10.5 ; source différente de la version complète.
Dialogue/GH_SHUGA_INDOOR_2_12,90e601eea65437aa5aee75503d4baa463666cb8fe8fb9415b878380a05e92549,C'est comme ça que tu cuisines toute la journée ! Il faut de l'endurance.,reviewed,Compatibilité avec la démo 0.10.5 ; source différente de la version complète.
Dialogue/GH_SHUGA_INDOOR_2_CHOICE_5,b734b03d1ef4f2c0e868c9e91573bf63583882d8aacc28fe09ae1a0211ab7088,Seulement en bonne compagnie.,reviewed,Compatibilité avec la démo 0.10.5 ; source différente de la version complète.
Dialogue/GH_SHUGA_INDOOR_2_13,993821cb4283fdb54220f72dce8c2abd54866c159dad27fb97a30a163992498c,"Ah ouais ? Honnêtement, moi aussi.",reviewed,Compatibilité avec la démo 0.10.5 ; source différente de la version complète.
Dialogue/GH_SHUGA_INDOOR_2_14,355e7da1e72d3c75f6e6c57d96973083bad82ca6d3f1370b7ede7d91087182e0,On ira courir ensemble bientôt.,reviewed,Compatibilité avec la démo 0.10.5 ; source différente de la version complète.
Dialogue/GH_SHUGA_INDOOR_2_CHOICE_6,22ec212b35ac403235bbcd9a49a8ddec0d9e5392309c1c497e2b8408b22ca268,Je préfère me détendre chez moi.,reviewed,Compatibilité avec la démo 0.10.5 ; source différente de la version complète.
Dialogue/GH_SHUGA_INDOOR_2_15,2b0aa044d69cf11020ab3566b391732c07f4e2122c7b446d09f607dc28d36ab1,Je vois. C'est bien aussi.,reviewed,Compatibilité avec la démo 0.10.5 ; source différente de la version complète.
Dialogue/GH_SHUGA_INDOOR_2_16,82c927c371047c2cd56951a7ed10dcb7432a8dc867f7097f92a6a5756f0edd04,Mais il faut faire du sport de temps en temps !,reviewed,Compatibilité avec la démo 0.10.5 ; source différente de la version complète.
Dialogue/GH_SHUGA_OUTDOOR_2_1,167dfb694eef8e1c5ec779cafbce347d0d0893915142dc66062b9d241c3a3fd9,Hein ? C'était quoi ?,reviewed,Compatibilité avec la démo 0.10.5 ; source différente de la version complète.
Dialogue/GH_SHUGA_OUTDOOR_2_2,d8cc9057482d1d44a34fb9b11979d02108f3f3e96b0d70707ad32de56d91476c,(Une feuille morte est tombée dans les cheveux de Shuga. Je lui dis ?),reviewed,Compatibilité avec la démo 0.10.5 ; source différente de la version complète.
Dialogue/GH_SHUGA_OUTDOOR_2_CHOICE_1,f1f0c1de8680b0202b41a4b0d4cc66afee05d56a02b732bd9a8614cdeec36b5c,(Je retire simplement la feuille de ses cheveux),reviewed,Compatibilité avec la démo 0.10.5 ; source différente de la version complète.
Dialogue/GH_SHUGA_OUTDOOR_2_3,f9fa5c67c028b8a94c2b2f1328e5bc4b7c22c7d67fecc7d1e67b28cb5184f004,P-Pourquoi tu fais ça ?,reviewed,Compatibilité avec la démo 0.10.5 ; source différente de la version complète.
Dialogue/GH_SHUGA_OUTDOOR_2_4,2032026236ebb1f50f27e82fbcd59707b62e0591d727d3ce7f30aee41acccc84,"Oh, une feuille ? Merci [NAME]. Mais tu pouvais me le dire.",reviewed,Compatibilité avec la démo 0.10.5 ; source différente de la version complète.
Dialogue/GH_SHUGA_OUTDOOR_2_CHOICE_3,e67acd71260ad1ea9987a0d226b32de8bafdca535430fb0dbfe8c7659e5c8411,(Mieux vaut ne rien dire),reviewed,Compatibilité avec la démo 0.10.5 ; source différente de la version complète.
Dialogue/VNM71_5,0b32c0b7e0d6b2e8006b7a1cc9fb4970e9b78bfc4b4679411301617d3ad0de95,Hmm hmm ouais~ ÉCRASE TES BOULETTES ! SECOUE-LES EN L'AIR ! TOUT S'EFFONDRE-,reviewed,Compatibilité avec la démo 0.10.5 ; source différente de la version complète.
Dialogue/VNM71_7,61c7687c50c53cd036108d3dab7af92254995d548f2a7420599daff95812b35b,"(Attends, il marche droit vers moi ? Cette pile de cartons lui bloque la vue !)",reviewed,Compatibilité avec la démo 0.10.5 ; source différente de la version complète.
Dialogue/VNM71_10,2bebc85a6d249524250ffb9b453ed8f7fa266b32564346112b0cd48393c9c56a,Je ne regardais pas où j'allais,reviewed,Compatibilité avec la démo 0.10.5 ; source différente de la version complète.
Dialogue/VNM71_CHOICE_1,9fdccd9bc61d786e854e4f0eac92dd061a3d4629ae663a8b46afed81bc3cd6d5,Mignonne,reviewed,Compatibilité avec la démo 0.10.5 ; source différente de la version complète.
Dialogue/VNM71_21,0a9e727a905f82383f52e8a6c84b3e21c6aa46d4cc72f0ae89b70d942cd10206,"Mignonne, hein ? Évite de lui dire ça en face.",reviewed,Compatibilité avec la démo 0.10.5 ; source différente de la version complète.
Dialogue/VNM71_CHOICE_2,6aff0ddcdccfbe9c3808b7581deb6f5bad7a1b73413083a02e2a1f0bb33a1e48,Elle est bizarre,reviewed,Compatibilité avec la démo 0.10.5 ; source différente de la version complète.
Dialogue/VNM71_23,15f2ac5fde3aff9dbf92af33b5e3996d81b436115956f982a6ea753a22278f38,"Elle est unique ! Elle met le feu à sa guitare pour griller des boulettes ! En riant comme une folle ! Mozart saurait faire ça, lui ?",reviewed,Compatibilité avec la démo 0.10.5 ; source différente de la version complète.
Dialogue/VNM72_1,599a6a112ccefedf91a941dec1d1bfd3c0d31fdae15082ec12eefea99e397491,"Même la nuit, il y a plein de choses à faire, alors profite bien de ton temps.",reviewed,Compatibilité avec la démo 0.10.5 ; source différente de la version complète.
Dialogue/VNM72_2,414b993bb64b1e2b4f3cbe05dbce221408f8aefefeb3dd404908da7e01722ced,"Moi, je fais plein de petits boulots en ville pour financer mon fandom-- euh, mon soutien à Stella.",reviewed,Compatibilité avec la démo 0.10.5 ; source différente de la version complète.
Dialogue/CEM8_START_3,82aa3b9eed8a06f9dfa46e2e3a9811bc4a11f669e39a88635f96d2f7eadb1cc2,Tu te fais vraiment un nom. Je n'en attendais pas moins de quelqu'un qui a battu Stella au Duel culinaire.,reviewed,Compatibilité avec la démo 0.10.5 ; source différente de la version complète.
Dialogue/CEM8_START_4,1adfa4347b970bed3a893ab73d129e86a701778bc70f5dcdcd7706afa9708b6e,"J'ai entendu qu'elle prenait des cours et allait en stages de cuisine ! Cette passion brûlante, c'est tout elle !",reviewed,Compatibilité avec la démo 0.10.5 ; source différente de la version complète.
Dialogue/CEM8_START_5,928c9f4cf11def456ff5faa5d6d635feef8c94716684ad5ae9d6452ebac20cdd,La voir cuisiner me manque... Mais je dois respecter sa décision.,reviewed,Compatibilité avec la démo 0.10.5 ; source différente de la version complète.
Dialogue/CEM9_END_1,0b80799968b65cf885f78ede34863db0f94af3cd66a1ae414a09ee1c375359cf,"Alors, c'est ça, ton niveau actuel ? Je vois, je vois... Hé hé.",reviewed,Compatibilité avec la démo 0.10.5 ; source différente de la version complète.
Dialogue/RESTBLOCKER_VNM26_1,3dd14664aa3a3faaebdc4511da9ba35464ca2ea981b7048f641f1beca66f52db,Stella veut me parler. Je ferais mieux de la retrouver avant qu'elle ne se fâche.,reviewed,Compatibilité avec la démo 0.10.5 ; source différente de la version complète.
Dialogue/VNM27_6,fea6218db61a9eabb78ff7d23072a62d8c6b5110574dd7a434711c768dd9b6d7,Je jouais souvent dans ce parc pour oublier ma faim. Puis ta grand-mère m'a remarquée.,reviewed,Compatibilité avec la démo 0.10.5 ; source différente de la version complète.
Dialogue/VNM27_19,1497151a0e8f12d881fa4a2ae299dfba0147e6a1aa651f0a93c28a5ff60e306e,"Qu'un jour, son petit-enfant, [NAME], viendrait.",reviewed,Compatibilité avec la démo 0.10.5 ; source différente de la version complète.
Dialogue/VNM27_22,376709b40b0a7ecbea061ba1988802efc03d8d7a481bee458742abdb7a20afe4,"Si tu étais venu pour le fermer, je t'aurais arrêté par tous les moyens !",reviewed,Compatibilité avec la démo 0.10.5 ; source différente de la version complète.
Dialogue/VNM27_24,6098c5cb6732ec783fa97635407150b541bf2c9535fab519b8fce6243907a72d,"M-Merci d'être resté et de prendre ça au sérieux. Enfin, voilà. Je crois.",reviewed,Compatibilité avec la démo 0.10.5 ; source différente de la version complète.
Dialogue/VNM28_2,8f433e5c9ac815d752cfc8412c1ed109969ec7c19190623083fd0e73e241c28c,Il y a des... nouvelles inquiétantes.,reviewed,Compatibilité avec la démo 0.10.5 ; source différente de la version complète.
Dialogue/VNM28_9,4c6249eb696e7a7fee14e1cb220c83bfe2ab8ad1cccb902c897c81be55633996,"Runa dirige La Luna, le restaurant de boulettes gastronomique, tandis qu'Elio est à la tête du fast-food populaire Super Smash Broth Bowl.",reviewed,Compatibilité avec la démo 0.10.5 ; source différente de la version complète.
Dialogue/VNM28_10,9a4736ff39563728e9fb857e3da51419b99343ce9eb4da69f2a0772aa20a8790,"D'habitude, ils sont trop occupés par les c-concerts et les tournées, alors ils ne participent pas aux Duels culinaires.",reviewed,Compatibilité avec la démo 0.10.5 ; source différente de la version complète.
Dialogue/VNM28_11,e44969555ac24fa247453111228b8a9174b18976b37a29e6ac7bb559654777bb,Mais ils défient des gens en Duel culinaire ! Ils gagnent si largement que les perdants perdent clients et réputation !,reviewed,Compatibilité avec la démo 0.10.5 ; source différente de la version complète.
Dialogue/VNM28_15,aab96f684b84c33fce129554ed51a5f40e3f3638847dcf04b53e6c1c15328a33,V-Vraiment ? C'est merveilleux.,reviewed,Compatibilité avec la démo 0.10.5 ; source différente de la version complète.
Dialogue/VNM28_20,d72092cc8e64befd41f1a0e36b6f8ce96e6ee868f149c5c39b69457e8d54e5ff,"D'abord, [COLOR=ALERT]trouvons des décos[/COLOR]. Donnons du neuf au resto ! Épatons les clients !",reviewed,Compatibilité avec la démo 0.10.5 ; source différente de la version complète.
Dialogue/VNM29_4,1bdb820cbb067c8c73125b7ed1cf5bd171b5535d9217819575cf8f8612460991,A-Attends ! Pas de violence ! Noka ne le pensait pas littéralement !,reviewed,Compatibilité avec la démo 0.10.5 ; source différente de la version complète.
Dialogue/VNM29_11,cead445bc63fdac780767d94263a35a3b0ff5a6ec9fc2508d1931682fcf80c3c,"C'est idée splendide, oui ! Noka montrera à tous comme nourriture végétale est bonne.",reviewed,Compatibilité avec la démo 0.10.5 ; source différente de la version complète.
Dialogue/VNM32_PLAYERWIN_6,5934b02dbae0b2d5010f1fc3f7a92748e17a094ab49fe8e03d5f1767e1c1ee38,"Merci, personne-chef de Bakuso, d'avoir montré à Noka chemin à suivre.",reviewed,Compatibilité avec la démo 0.10.5 ; source différente de la version complète.
Dialogue/CEM12_START_15,d1ac55bfc41b57e77027adaa3f55306523e11e7e645852755e6ef687c42de0ae,"Si les ventes montent encore, tu auras prouvé ton influence ici.",reviewed,Compatibilité avec la démo 0.10.5 ; source différente de la version complète.
Dialogue/CEM13_END_1,6f03cc9ce290c770784b19eac2ce17ebc0c7a774594eca8ea02c40da77eefc93,"Mais dernièrement... les gens ne voient la cuisine que comme un moyen de gagner de l'argent. Si tu propulses Bakuso à la [COLOR=ALERT]1re place[/COLOR], peut-être qu'ils...",reviewed,Compatibilité avec la démo 0.10.5 ; source différente de la version complète.
Dialogue/CEM13_9_UNUSED,95b4a0156703934c6df6eb206906c4801ffa07a46da3ea7437acabe27b232364,Accomplis-les et tu deviendras bientôt le restaurant le mieux classé de la ville.,reviewed,Compatibilité avec la démo 0.10.5 ; source différente de la version complète.
Dialogue/CEM13_10_UNUSED,fea8fe6f4d41d4d2242bb31005c28989e9c5571d52e334af1ac37934be68aacb,"Quand tu auras réussi, n'oublie pas que je t'ai toujours donné un coup de main, oui oui ?",reviewed,Compatibilité avec la démo 0.10.5 ; source différente de la version complète.
Dialogue/CEM13_11_UNUSED,5324713258daa15f74039124d83c9395a386a5e3191736a095a7b0f50aae2758,"Enfin, je ne suis pas ici seulement pour bavarder. Montre-moi ton menu, petit !",reviewed,Compatibilité avec la démo 0.10.5 ; source différente de la version complète.
Dialogue/VNM50_23,788446596130a508cc96f7fe9a335db2ce52cb0b6698f8b444098da34ac4ddd4,"Oubliez Crois, c'est une impasse ! Mais il faut parler franchement avec Lado !",reviewed,Compatibilité avec la démo 0.10.5 ; source différente de la version complète.
Dialogue/VNM51_2,9ab479b880be46ddb6e3aa335940d0a5bc6bef29f465c1b137d75726dcead5bb,Personne dans la Brigade Bakuso n'avait réussi à le joindre. Il doit être venu de son plein gré.,reviewed,Compatibilité avec la démo 0.10.5 ; source différente de la version complète.
Dialogue/VNM51_7,c74ade15a5500eaae599d3c9d827f6da097ab5af538facbff1e856299b541fb7,"C'est radical. Mais si quelqu'un peut le faire, je crois que c'est lui.",reviewed,Compatibilité avec la démo 0.10.5 ; source différente de la version complète.
Dialogue/VNM54_PLAYERWIN_7,f156e31819dba0267f72593511ee7e81f19c4a67833b93a88cb2b5b0dd29e9d0,Voici son plan : il développe la Boulette Premium Radieuse Irisée Meaty Originale -- la Boulette PRIMO en abrégé.,reviewed,Compatibilité avec la démo 0.10.5 ; source différente de la version complète.
Dialogue/VNM79_ACCEPT_1,5aab1710fe4d1defbff79e28d754900515c3c9d06e82d119ee9e7142ced1e54c,"Bwahaha, excellent ! Prépare-toi à perdre !",reviewed,Compatibilité avec la démo 0.10.5 ; source différente de la version complète.
Dialogue/VNU3_2,be8ebb2771dc65b0d422d3350a6889ac6f9288dd6481fc0eb81be346de7c4fe5,"Tu te souviens que Papa m'a demandé de, (gulp), organiser un événement public pour le m-magasin ?",reviewed,Compatibilité avec la démo 0.10.5 ; source différente de la version complète.
Dialogue/VNU3_6,29898d8d640cf63bb5e7d2c0af05f410eea9ff10faf2ec54a267e85ee04070f7,"O-Oh, les films qui peuvent être, euh, intenses te vont, [NAME] ?",reviewed,Compatibilité avec la démo 0.10.5 ; source différente de la version complète.
Dialogue/VNS5_38,0b63077dd7237c08285bde34a6f6a41d0bb9e240eead560ffde7f290b516e3fe,"(Elle n'est pas très aboutie, mais on sent que Shuga y a mis tout son coeur.)",reviewed,Compatibilité avec la démo 0.10.5 ; source différente de la version complète.
Dialogue/VND2_37,075ab316e151162fa87e575c66e806231bd0434177ee953b1b4b9f24b116a0d2,"Si tu fais ça avec sincérité, je ferais mieux d'y mettre tout mon coeur aussi.",reviewed,Compatibilité avec la démo 0.10.5 ; source différente de la version complète.
Dialogue/VND3_40,03c1597f4214bba5221145a3dfebdc222a5656d9f3b3ff86ffc308b537ba4df5,S'il te plaît. J'-- J'ai besoin de toi.,reviewed,Compatibilité avec la démo 0.10.5 ; source différente de la version complète.
Dialogue/VND3_48,12fb2cb31cf44191046e2be84144970dd8c3de1829618a6abb1a67540362b2e6,Tu as trouvé mieux et as avancé. C'est tout.,reviewed,Compatibilité avec la démo 0.10.5 ; source différente de la version complète.
Dialogue/VNC2_45,e6c8a727feb1e6697ee3e85574ff449814c5043cf47c07544c7e095f20a8a469,"(On a pris notre temps pour tout ranger. C'était fatigant, mais on s'est amusés.)",reviewed,Compatibilité avec la démo 0.10.5 ; source différente de la version complète.
Dialogue/GH_UME_GENERIC_1_1,9ccc58f0a2bd12c2b1172976a3481d72df803b2e1a4309da6428eeb4787c0e1d,"Euh, [NAME]. Désolée, je sais que c'est soudain, mais crois-tu au d-destin ?",reviewed,Compatibilité avec la démo 0.10.5 ; source différente de la version complète.
Dialogue/GH_UME_INDOOR_3_2,8e361c8d6553e571c44875869454788422f6db2ea5bc8097f48a3a0e244d990d,"Je pense commencer à faire, euh, du sport. Tu me recommandes quoi, [NAME] ?",reviewed,Compatibilité avec la démo 0.10.5 ; source différente de la version complète.
Dialogue/GH_UME_INDOOR_3_3,d25777580a3db7f98e76a092b4fcb2bd60f136ea756a3b3d24761385067b065c,Euh ? O-Oui ?,reviewed,Compatibilité avec la démo 0.10.5 ; source différente de la version complète.
Dialogue/GH_UME_INDOOR_3_6,b2fbaee5c8b89ada8bd41e860575445e4e53ed4e3aec316324f1f149c3575374,"Être accompagné me motiverait. Euh, enfin, je crois.",reviewed,Compatibilité avec la démo 0.10.5 ; source différente de la version complète.
Dialogue/GH_UME_INDOOR_3_7,dc81d9d5ecc93dd8f7aae0ea472e26c353ae8ac8ad88a932331eedb8732bce25,"Hum, o-oui, j'ai lu ça aussi.",reviewed,Compatibilité avec la démo 0.10.5 ; source différente de la version complète.
Dialogue/GH_UME_INDOOR_3_8,de8e5fdb6792a73e0fd5c7c0aec344829e140829082e64d6b6e9f2d9a01ae2e9,"On dit que la régularité est clé. Euh, bonne chance, [NAME].",reviewed,Compatibilité avec la démo 0.10.5 ; source différente de la version complète.
Dialogue/GH_UME_MALL_1_1,d5615bc9125bd1c386a71bd8a6ed19c394e3b66cba3f4702177da9b904c2bbf9,"Oh, un de mes auteurs préférés a sorti un nouveau livre !",reviewed,Compatibilité avec la démo 0.10.5 ; source différente de la version complète.
Dialogue/GH_UME_MALL_2_1,824a0d4fd4950449ece84af66bcdc5fb5ddae8df806f8e2b60b07f0ae37690ef,"Oh, hum, il y a plein de nouvelles robes à la boutique.",reviewed,Compatibilité avec la démo 0.10.5 ; source différente de la version complète.
Dialogue/GH_UME_MALL_2_4,dd592fe67adf933cb3edf434939bcbbb95d8a8f019a6da6e0811337d7c5b1ec6,"Je vois, c-c'est pour ça.",reviewed,Compatibilité avec la démo 0.10.5 ; source différente de la version complète.
Dialogue/GH_UME_MALL_2_6,ef6a51b06477a0436f9fa7385eddfe341d0c156f31071c6eac2221a43b19019d,"Oh là là, ç-ça a l'air amusant.",reviewed,Compatibilité avec la démo 0.10.5 ; source différente de la version complète.
Dialogue/GH_UME_OUTDOOR_1_7,172f743ad822edeb3aca4253104d641e1b091d4c1bb73e4efc3b90b9e6ad6a05,Se perdre dans son livre en sentant la chaleur du soleil sur sa peau... Quel bonheur.,reviewed,Compatibilité avec la démo 0.10.5 ; source différente de la version complète.
Dialogue/GH_UME_OUTDOOR_1_CHOICE_3,ab34d327fcef22864fdaa0ed57890dd565640852413b25f4761ff802821f0c38,"Les deux ont leur charme, non ?",reviewed,Compatibilité avec la démo 0.10.5 ; source différente de la version complète.
Dialogue/GH_UME_OUTDOOR_1_8,df2fa99414bd3ae853dcac53bb7100120a8ab250a62b1cbb371da1a078a98ca1,"Oh là, tu as tout à fait raison.",reviewed,Compatibilité avec la démo 0.10.5 ; source différente de la version complète.
Dialogue/GH_UME_OUTDOOR_2_1,8e146604bf064feabe88e4f7fc6359f9e2a7c752082af6282f02b45b9afd4629,M-Merci encore de m'avoir proposé cette sortie.,reviewed,Compatibilité avec la démo 0.10.5 ; source différente de la version complète.
Dialogue/GH_UME_OUTDOOR_2_3,8ad515f5fbc52ed843cf17cbedd8395bcf5a06273fba609c89594c84434589a4,"J'espère ne pas être e-ennuyeuse. Hum, je ne sais pas toujours de quoi parler.",reviewed,Compatibilité avec la démo 0.10.5 ; source différente de la version complète.
Dialogue/GH_UME_OUTDOOR_2_6,2c05dfe16f104fe7cc80a3b9527f2403d8c78e30f1bbab66151c5f8c2805ca63,"Hum, tu peux aussi me parler de tout ce que tu veux, [NAME].",reviewed,Compatibilité avec la démo 0.10.5 ; source différente de la version complète.
Dialogue/GH_UME_OUTDOOR_2_7,c0818f8f1df63eb7b7501632f1c51afbb1769073bce6234c9ff38544cfd5ba42,"H-Hum ? Désolée, mais je passe.",reviewed,Compatibilité avec la démo 0.10.5 ; source différente de la version complète.
Dialogue/GH_UME_OUTDOOR_3_1,3ad6c4b11453ec95e3f73ecad30d22a6dde3c9be28696e7d018d091054769ad3,"Hum, cet endroit me rappelle...",reviewed,Compatibilité avec la démo 0.10.5 ; source différente de la version complète.
Dialogue/GH_UME_THEMEPARK_1_1,bd8879a60abd18a1f42b2b57cf51cd91884420621d1b3e76cc73842c99064da5,"W-Waouh, la file de la grande roue est longue aujourd'hui.",reviewed,Compatibilité avec la démo 0.10.5 ; source différente de la version complète.
Dialogue/GH_UME_THEMEPARK_1_2,299b2bb6906a56fec87522fe52625b5271b81f0b92d985022cfb0cf57fcfdcd0,"On devrait, hum, faire autre chose ?",reviewed,Compatibilité avec la démo 0.10.5 ; source différente de la version complète.
Dialogue/GH_UME_THEMEPARK_1_5,8a53d75e14314cf35205e5f774c68f70eb847ff63d844460436eed9798d6544c,"Hum, je ne crois pas que ce soit prudent.",reviewed,Compatibilité avec la démo 0.10.5 ; source différente de la version complète.
Dialogue/GH_DAN_ARCADE_1_2,9df069387f31f01f0b0e590cdd7feb4961ac1d3bffe54e03241e9dace8a4324a,Aux simulateurs d'entraînement du QG !,reviewed,Compatibilité avec la démo 0.10.5 ; source différente de la version complète.
Dialogue/GH_DAN_ARTSTUDIO_2_1,bcfd0c4a52a7eca721c637b799ff9e678f8f9d1819d573b2abe18a9cd777306e,"C'est un peu embarrassant, mais on m'a demandé d'aider parfois pour le cours des enfants.",reviewed,Compatibilité avec la démo 0.10.5 ; source différente de la version complète.
Dialogue/GH_DAN_ARTSTUDIO_2_CHOICE_3,9804db19e25f4017f263f04caf99bd679950f1dc06e05db17fee4844f0c78614,On ne peut pas savoir sans essayer.,reviewed,Compatibilité avec la démo 0.10.5 ; source différente de la version complète.
Dialogue/GH_DAN_BEACH_1_1,e731378e0529a41b50217bf3bd8ee14a66d3693dcedbbadf10ed3c46f63ddfb6,Hum. Cet endroit serait idéal pour s'entraîner à courir sur la plage.,reviewed,Compatibilité avec la démo 0.10.5 ; source différente de la version complète.
Dialogue/GH_DAN_BEACH_1_6,a3bd0a14cf5f6856488a40d282d25e5eea21a5483a418f310da0a57f3195f537,"Tu veux que je t'attache un pneu à traîner derrière toi, ou c'est trop ?",reviewed,Compatibilité avec la démo 0.10.5 ; source différente de la version complète.
Dialogue/GH_DAN_CAFE_1_1,4730e7f0dbda651255dde7bbcc5f243082ea72734b8e6dde5ddd217b300dd955,"Pour être honnête, j'avais des réserves sur le café. J'adorais celui du QG.",reviewed,Compatibilité avec la démo 0.10.5 ; source différente de la version complète.
Dialogue/GH_DAN_GENERIC_1_1,e87034e4a8ba1418df8325ad3d69f0f57defd01988e23fef50005e48ded69805,Ces civils vivent sans le moindre souci...,reviewed,Compatibilité avec la démo 0.10.5 ; source différente de la version complète.
Dialogue/GH_DAN_GENERIC_1_3,dd30edd3ef4c1bbec72f2ff4b042d4f49362c004807559949c20fea5a25ae320,"Tu as raison, désolé. C'est sorti tout seul.",reviewed,Compatibilité avec la démo 0.10.5 ; source différente de la version complète.
Dialogue/GH_DAN_GENERIC_3_5,26eafe9080d2a8e6ab3276b0322a0b53a856e0e3882e3ea71a1be1f262084163,Je ne confondrais pas un criminel avec le vrai toi. ...Pas vrai ?,reviewed,Compatibilité avec la démo 0.10.5 ; source différente de la version complète.
Dialogue/GH_DAN_INDOOR_1_1,d8ce50ab01fd6eadaebcfedb077c53730054d16ded3f30998a8ad764b384c26a,Hum... Très bien.,reviewed,Compatibilité avec la démo 0.10.5 ; source différente de la version complète.
Dialogue/GH_DAN_INDOOR_2_4,b8d1aeeae35cef0d46627e8d78583f8d5dfa7cd3e3ba7cc36aff3b36515a5ce8,"Ne plaisante pas avec ça, [NAME]. Mon instinct s'est emballé.",reviewed,Compatibilité avec la démo 0.10.5 ; source différente de la version complète.
Dialogue/GH_DAN_INDOOR_3_4,975ef4a347fb7822143c9588cd9a5df68dd9ef208659091e52d5fcbf68401c46,Mais parfois je me stresse à vouloir obtenir le meilleur score.,reviewed,Compatibilité avec la démo 0.10.5 ; source différente de la version complète.
Dialogue/GH_DAN_MALL_1_6,788369f3aee7bd9ef5dd017e36ba97461ec61f9bed6a2c08fd27fcd6e580d1ae,"Cela dit, si je prends la grosse tête, je pourrais commettre un crime de mode sans le savoir. Je devrais au moins maîtriser les bases.",reviewed,Compatibilité avec la démo 0.10.5 ; source différente de la version complète.
Dialogue/GH_DAN_OUTDOOR_1_1,324aa1fe8e5a4da7a3144ee194bb76657bd7455cead012b63bddcefcfb9306a3,"[NAME], j'apprécierais que tu marches du côté intérieur du trottoir quand nous sommes dehors.",reviewed,Compatibilité avec la démo 0.10.5 ; source différente de la version complète.
Dialogue/GH_DAN_OUTDOOR_1_6,e2a608c468ccfb0a25f8c51934f75a71a3f07676ffc899a81d6fc4a0883b8450,"Cette remarque sarcastique était inutile, [NAME].",reviewed,Compatibilité avec la démo 0.10.5 ; source différente de la version complète.
Dialogue/GH_DAN_OUTDOOR_1_8,2688db195c1df672f51f0ed3ffd21bbc966a84c9a37dc09fe15139d6de52d1fe,"Laisse-moi faire ! J'ai des plans contre voitures folles, sangliers et tout le reste !",reviewed,Compatibilité avec la démo 0.10.5 ; source différente de la version complète.
Dialogue/GH_DAN_OUTDOOR_2_CHOICE_2,3ee54b15392fad6a0002728c148c6233c6439c591737c30578ac5ddca0d8f4cc,"La prochaine fois, fais ça plus discrètement.",reviewed,Compatibilité avec la démo 0.10.5 ; source différente de la version complète.
Dialogue/GH_DAN_OUTDOOR_2_9,02ea381798a34e4015d2bf21037625757be79bf5d2017665ae1d8e5eae893609,Ils peuvent transmettre le paludisme et d'autres maladies effrayantes. Reste vigilant.,reviewed,Compatibilité avec la démo 0.10.5 ; source différente de la version complète.
Dialogue/GH_DAN_OUTDOOR_3_2,9e7bef4b4975c7ff1df4195ead94b408b69daee625c11e3d84f10db4f9e92375,"Et toi, Faucon ? J'espère que tu restes en forme.",reviewed,Compatibilité avec la démo 0.10.5 ; source différente de la version complète.
Dialogue/GH_DAN_OUTDOOR_3_3,ed1ca31d0814a9b5dc220b01b57b8af7b5603d514d581e3ca974d18a15578bd3,C'est bien. Je n'en attendais pas moins.,reviewed,Compatibilité avec la démo 0.10.5 ; source différente de la version complète.
Dialogue/GH_DAN_OUTDOOR_3_CHOICE_2,21702e5d9a5205c838db6525d81342756d4f29f30def0418b7c5987397fa0992,Gérer un restaurant est déjà assez sportif.,reviewed,Compatibilité avec la démo 0.10.5 ; source différente de la version complète.
Dialogue/VNM78_4,936860db6308624e06922eb55f940ae0b6128f7b2877c0461c3baa0c9e2a0c79,Héh. Attends un peu : mes boulettes PRIMO sont invincibles !,reviewed,Compatibilité avec la démo 0.10.5 ; source différente de la version complète.
Dialogue/VNM78_6,25dc130c30737380d87d423feba09304f6657bd6c7079f599f4ff5d1ddee8d57,"Il me faut encore de ces boulettes PRIMO ! J'ai changé d'avis, M. Crois gagne ! Laissez-moi seulement manger encore de ses boulettes !!!",reviewed,Compatibilité avec la démo 0.10.5 ; source différente de la version complète.
Dialogue/VNM78_7,42ff57db4077d74016fd7c7d14db32fe999f903a35e558fb4bf5a83c5c5ca6e2,"Alors... je suis désolé, [NAME]. Je suis désolé, public. Cela n'était jamais arrivé.",reviewed,Compatibilité avec la démo 0.10.5 ; source différente de la version complète.
Dialogue/VNM61_4,63a35905658f101fbf8fb1654729d92c1ddc9666d4dc9c208cf8fbfc6b721fbd,"Regardez, tout le monde ! Même un as de la cuisine de KuloNiku ne peut battre ma boulette PRIMO !",reviewed,Compatibilité avec la démo 0.10.5 ; source différente de la version complète.
Dialogue/VNM61_6,da7bb1da1ed213838240526822f8dc585dd0378f1ad495f3cb4d05c86ab41ebd,"Après ça, on donne des échantillons ! Prenez le vôtre ! Bientôt, production de masse !",reviewed,Compatibilité avec la démo 0.10.5 ; source différente de la version complète.
Dialogue/CEM18_3,6eda166b57d9a70bd83b20c4bee035c706f5aded1d9a156b6518c94c0c7dccfd,"(Je lui ai parlé du vrai nom de Crois, John Dough, et du fait qu'il pourrait être le jeune homme sur la photo avec ma grand-mère.)",reviewed,Compatibilité avec la démo 0.10.5 ; source différente de la version complète.
Dialogue/VNM80_1,cd8957be701e5e4335a1ee1b212c2cb002be3cfd15c4af1db2e2e325db808bde,"Bonsoir, Faucon. ",reviewed,Compatibilité avec la démo 0.10.5 ; source différente de la version complète.
Dialogue/VNM80_3,3a54c33d341fd33f32267070aae85bebe5d6c6aa1a315a4679eb058290d42d7f,J'ai épluché des décennies de journaux et rapports de police de KuloNiku à la recherche de John Dough. Les résultats... ne sont pas bons.,reviewed,Compatibilité avec la démo 0.10.5 ; source différente de la version complète.
Dialogue/VNM80_7,8379c510c9c258f6bcd16c9403131d618d786ab127b1b8c4b373f7d216114282,Il s'est ensuite mis à vendre un nouveau type de conservateur de marque.,reviewed,Compatibilité avec la démo 0.10.5 ; source différente de la version complète.
Dialogue/VNM80_8,2a2ede9d0baec9810a103bb5519beecd00a14236f9568b3091a4769822d726a3,"Ça s'appelle la bormaline, un mélange de borax et de formol.",reviewed,Compatibilité avec la démo 0.10.5 ; source différente de la version complète.
Dialogue/VNM80_10,f724da3976e8e5084d96163710cdaf60e0c3c00bec91d2dc7b7f565321e09602,"Il le disait sûr, mais les gens continuaient à tomber malades.",reviewed,Compatibilité avec la démo 0.10.5 ; source différente de la version complète.
Dialogue/VNM80_17,4357f4376f237e5b23792c8c794e75f158bbe57b4b81226d2cd52994c990dc56,"C'était une agente légendaire à part entière, avec Grue pour nom de code !",reviewed,Compatibilité avec la démo 0.10.5 ; source différente de la version complète.
Dialogue/VNM80_23,ecc4e4cf1e794e244a795a8a684a3e260709cb6c76d4c058d397cfb639d351ce,L'affaire de la bormaline est prescrite...,reviewed,Compatibilité avec la démo 0.10.5 ; source différente de la version complète.
Dialogue/VNM56_CHOICE_1,58387e978607c40a4554e79596892f7178dc5d39facfad0f39a611dc20d362ca,J'aimerais bien. Mais... j'ai les mains liées.,reviewed,Compatibilité avec la démo 0.10.5 ; source différente de la version complète.
Dialogue/VNM57_8,24e20cf04b586647a4a71acaf3092eaf4f6865ec33c834e4a2450361d9a3904a,Mais tout ça va finir. La première fournée de boulettes PRIMO est prête !,reviewed,Compatibilité avec la démo 0.10.5 ; source différente de la version complète.
Dialogue/VNM58_ACCEPT_1,e6462f12c365be1c2109e626562fc22b2aecad0112f90fe8f0dd39a38ad5326b,"Ha ha ha ! Vous faites peut-être bonne figure, mais vous le regretterez !",reviewed,Compatibilité avec la démo 0.10.5 ; source différente de la version complète.
Dialogue/VNM58_CONFIRMATION_1,5e607b2377aadd1ecc2bfbf763bd2f5323f5efdcc63464edf0b237b49cd444fd,"Ah, c'est vous. Vous êtes là pour perdre le duel, sale gosse ?",reviewed,Compatibilité avec la démo 0.10.5 ; source différente de la version complète.
Dialogue/GPB10_PLAYERINTRO_1,5c9dc6c2fa9776170e02dde3b6861762ce9b6d4d46604fdce67e707a8c056490,"En redonnant vie à l'emblématique Bakuso, cette jeune étoile enchaîne les victoires dans cette arène ! Une légende en devenir : [NAME] !",reviewed,Compatibilité avec la démo 0.10.5 ; source différente de la version complète.
Dialogue/VNM74_4,0d261d6da6a517d861a0ed88fe6989c474ad678020f9ffbce99518beba8592b1,"M. Crois nous a menacés : si on impliquait d'autres personnes, il essaierait aussi de vous écraser.",reviewed,Compatibilité avec la démo 0.10.5 ; source différente de la version complète.
Dialogue/VNM74_7,06cb350c5b80215e71b12beb5a25169a73f0646c588230779adbdc64ffc1001b,"Alors, euh, quelqu'un veut se retirer ?",reviewed,Compatibilité avec la démo 0.10.5 ; source différente de la version complète.
Dialogue/VNM74_9,9a75a178e35cd5605920b83dffec0d364b5f9b7195a24e410a287e3764b1d702,"E-Euh, j'aurais peur de l'affronter seule.",reviewed,Compatibilité avec la démo 0.10.5 ; source différente de la version complète.
Dialogue/VNM74_10,cb9933d3a1e949683a15a270fd94df51d899a7fc72dc1bbd2e1c80d4f6bca7fe,"Mais avec tout le monde, euh, ça devrait aller. Je crois.",reviewed,Compatibilité avec la démo 0.10.5 ; source différente de la version complète.
Dialogue/VNM74_15,a1e4465b2947cd4408ddbde45c1502cb9938777200659bd769626dfe8eb9ea56,Je déclare la réunion stratégique de l'[COLOR=ALERT]Équipe Bakuso[/COLOR] ouverte !,reviewed,Compatibilité avec la démo 0.10.5 ; source différente de la version complète.
Dialogue/VNM74_16,3f70dcaa7a8aa7e47511e60dc66175f2b6a043c47ba4a8bd0d8b4d5475d8d2ce,Crois est un adversaire trop redoutable pour qu'on s'en charge d'un coup ; divisons ça en tâches plus gérables.,reviewed,Compatibilité avec la démo 0.10.5 ; source différente de la version complète.
Dialogue/VNM74_30,f26131efdb04ca6ea98c7484e785af588d53b08f45f1695c3bcae3399f2c1d71,"E-Euh, je peux travailler avec vous ?",reviewed,Compatibilité avec la démo 0.10.5 ; source différente de la version complète.
Dialogue/VNM74_31,c53706468cbb4c8c103dbbf8411a5ba1ed4659730e35af7a96ae35b2747bdc41,"Je connais, euh, des grossistes en ingrédients. Et comme j'habite à côté, je peux venir aider à goûter la recette.",reviewed,Compatibilité avec la démo 0.10.5 ; source différente de la version complète.
Dialogue/VNM74_36,955393535fe5623056113c2ae2bee886f28c93cda3668ee33b846afbd2d3c45c,J'ai peut-être une idée plus réalisable.,reviewed,Compatibilité avec la démo 0.10.5 ; source différente de la version complète.
Dialogue/VNM74_CHOICE_4,107dddec4afaadc959a96e6b7e2c29bf35e60ff9984d87f9bf79ff3d399f4870,"Vous avez une idée, Lado ?",reviewed,Compatibilité avec la démo 0.10.5 ; source différente de la version complète.
Dialogue/VNM74_41,37c4ce17a53786b8fba0ab62e2d9236611eacc8ac51c7a2f98d222c15e5e850e,"C'est là que j'interviens. Je ne suis pas aussi doué que Faucon -- euh, [NAME] sur le terrain, mais je sais recueillir des renseignements.",reviewed,Compatibilité avec la démo 0.10.5 ; source différente de la version complète.
Dialogue/VNM74_45,c4de3b69b3bb96e07927d0f1a312d43fa5226ee6ca4fdfac7b663b5ae43dce2d,Oui. Difficile de défaire cette image. Si nous avions des preuves de ses méfaits.,reviewed,Compatibilité avec la démo 0.10.5 ; source différente de la version complète.
Dialogue/VNM74_47,a5c4aaa7b8ad99b67a25e0c3d375cb2f8d75a40a1c6f51f2fa2ff294b490dbd2,"On peut essayer, mais sans preuves, ce sera notre parole contre la sienne. Ou pire, il nous poursuivra pour diffamation.",reviewed,Compatibilité avec la démo 0.10.5 ; source différente de la version complète.
Dialogue/VNM74_65,6d97247469a1347ea7f3b61e29d11835335ca1914d0a040952046e43a36fcb1c,Vous devez [COLOR=ALERT]vaincre Crois dans un duel culinaire[/COLOR].,reviewed,Compatibilité avec la démo 0.10.5 ; source différente de la version complète.
Dialogue/VNM74_69,e6a08fc809403abd22d6db512d2672387a6acc31b8579059c093e6e063b3fd39,Je n'aurais jamais imaginé qu'on ferait tomber à nouveau un magnat corrompu. Ça me rappelle le bon vieux temps.,reviewed,Compatibilité avec la démo 0.10.5 ; source différente de la version complète.
Dialogue/VNM75_1,de629c3096a340e8f051f218507f1f705f5e8a0d369021929c5113fa3ff159ef,"Salut [NAME], j'ai une bonne nouvelle.",reviewed,Compatibilité avec la démo 0.10.5 ; source différente de la version complète.
Dialogue/VNM75_3,a3fc560bc787bfc5d0a2e57950893d3af4019e57406b71d10ced10f50f37739f,Je commence. Ume et moi sommes chargées de préparer une soupe qui neutralise les effets des boulettes PRIMO.,reviewed,Compatibilité avec la démo 0.10.5 ; source différente de la version complète.
Dialogue/VNM75_7,ff4de72ba577c80ba1a57e771bccb8e4d64a58747ae0cde675419404f5e14246,"Après une nuit blanche et des litres de café, Dan et Lado ont trouvé des preuves des pratiques commerciales douteuses de Crois !",reviewed,Compatibilité avec la démo 0.10.5 ; source différente de la version complète.
Dialogue/VNM75_10,7fc890d90429ce6a733a3252688df872cbe25505aaf1d5fd0b8a4ff016bb377b,Il n'a pas été difficile de les convaincre : Crois a triché sans se cacher au dernier duel culinaire.,reviewed,Compatibilité avec la démo 0.10.5 ; source différente de la version complète.
Dialogue/VNM75_12,c59adf6766bf094ccb6224170fd8b3b96582916747ee9fea1207f7893d5886c2,"Ainsi, il pourra faire chan-- je veux dire, convaincre M. Crois de vous affronter à nouveau !",reviewed,Compatibilité avec la démo 0.10.5 ; source différente de la version complète.
Dialogue/VNM75_13,64a8e47a6008af0cc7ce532f271dfe574e420f1dd5cec62fd397c5e86945b003,"C'est bientôt votre tour. Ça va, [NAME] ?",reviewed,Compatibilité avec la démo 0.10.5 ; source différente de la version complète.
Dialogue/VNM75_23,d5cf0c1715bc3889c64ab5dcab6d195d06e5d48e9535f7a606af56d31065f31d,"Et même des clients nous encouragent. Ils vous encouragent, [NAME].",reviewed,Compatibilité avec la démo 0.10.5 ; source différente de la version complète.
Dialogue/VNM75_24,d8214eb5b261ae829fa405fe8a46e796dd31d99a8ce53d19b43f1ff1abe35045,KuloNiku devient un foyer pour moi. J'espère que vous ressentez la même chose.,reviewed,Compatibilité avec la démo 0.10.5 ; source différente de la version complète.
Dialogue/VNM75_28,72827646faaa978b6d04136293002655cfc1d9c62ff0ab6cfb7d5925ce1f9e5f,Comment êtes-vous entré ?,reviewed,Compatibilité avec la démo 0.10.5 ; source différente de la version complète.
Dialogue/VNM75_34,59a17fa32ecb53a7c364c8d6dd6d28bc4ddff68bdc573bed54d1b058391c6e33,(Je suis plus calme. Je peux le faire !),reviewed,Compatibilité avec la démo 0.10.5 ; source différente de la version complète.
Dialogue/VNM77_ACCEPT_1,a684fb327e843719e93fea43fdf6dacef4632a1223f8765ac3d87f17efbc38ec,"Finissons-en ! Mes boulettes PRIMO et moi te battrons toujours, toujours !",reviewed,Compatibilité avec la démo 0.10.5 ; source différente de la version complète.
Dialogue/GPB11_OPPONENTINTRO_1,13e59ab97f3882c63bdf1a244712db8cdb80ea09c3b211588bca56a372abb8e3,"Le magnanime et honnête homme d’affaires que tout le monde adore ! Il est de retour pour vanter ses boulettes PRIMO, voici M. Crois !",reviewed,Compatibilité avec la démo 0.10.5 ; source différente de la version complète.
Dialogue/VNM63_PLAYERWIN_9,fe4f7ea0a8c8a500df54a4a81a4c61c5b63710799133496b1043b2976f789823,"J’ai les résultats du labo ici, vous voulez que je les lise ? Je lis très bien !",reviewed,Compatibilité avec la démo 0.10.5 ; source différente de la version complète.
Dialogue/VNM63_PLAYERWIN_15,917d6d7afcbed36395436ab04e40b427bdfd57b04a0fee9612c0b906cf2f8198,Quoi ?! Ces petites vermines !,reviewed,Compatibilité avec la démo 0.10.5 ; source différente de la version complète.
Dialogue/VNM63_PLAYERWIN_34,8470164d5bd65921d3413ba6192253dc5c0e8f61343661fdfdad1328555ce56c,Bwahahaha ! On en a assez que tu nous marches dessus !,reviewed,Compatibilité avec la démo 0.10.5 ; source différente de la version complète.
Dialogue/VNM64_3,5431bf572701d5a7785f4349abbd5e215d30dc7f491ca65612db9fdbc2e4370c,"J’essaie de faire bonne figure, mais j’avais tellement peur.",reviewed,Compatibilité avec la démo 0.10.5 ; source différente de la version complète.
Dialogue/VNM64_8,bc0fe906cbe23dbc55475bcb75d7e6a73d3f17ea612fb207f8e0454f78093aca,"Enfin, c’est moins un repas qu’un festin. On s’est peut-être un peu emportés.",reviewed,Compatibilité avec la démo 0.10.5 ; source différente de la version complète.
Dialogue/VNM64_9,2b59ddefa43e2a6e0f24efba6432c14842346691494543e008d3eaf8abf267f1,"Pas de problème, je prévois déjà un événement promotionnel avec le surplus. Cela devrait accroître la notoriété de la marque d’au moins 18 %, et le ROI devrait être...",reviewed,Compatibilité avec la démo 0.10.5 ; source différente de la version complète.
Dialogue/VNM64_25,2759b843a1119349e07be4ab26fecd69e9caf71f8925753fcdbd544669cf5807,"M-Merci, [NAME] ! Santé !",reviewed,Compatibilité avec la démo 0.10.5 ; source différente de la version complète.
Dialogue/CEM17_START_8,e978aae91c3431cfd11048b3b72daf3ce74cc52e2d319a08e98d594714bb7c08,"Bon ! Je veux manger ce que tu cuisines, d’accord ?! Un problème ?!",reviewed,Compatibilité avec la démo 0.10.5 ; source différente de la version complète.
Dialogue/VNM65_CONFIRMATION_1,252f7ac69bebe1ba738f65685e0cbdb8c188367066feac8ed55af8a27fc8ca73,"Hé, [NAME]. Tu es là pour lancer ton [COLOR=ALERT]Défi de classement[/COLOR] ?",reviewed,Compatibilité avec la démo 0.10.5 ; source différente de la version complète.
Dialogue/VNM67_PLAYERWIN_5,8a9c4e1ecc5e6aca1f292f019fc0b1ec4787206143d4f0d8b6cae5e66cae6018,"Alors m-merci pour ça, j’imagine.",reviewed,Compatibilité avec la démo 0.10.5 ; source différente de la version complète.
Dialogue/VNM70_CHOICE_17,6892a50cce2d685c6c3339a158819a9bf7b28a6cd68b16875b29c6a0111fc514,Rends-moi juste adorable ! (Comme toi),reviewed,Compatibilité avec la démo 0.10.5 ; source différente de la version complète.
Dialogue/VNM83_3,a55ca174418fd0bc70e44c2a362572d5c3bbc747d8674a823df7d5b4185bdd8d,"Pas vrai ? Je suis contente que ça t'ait plu, chef !",reviewed,Compatibilité avec la démo 0.10.5 ; source différente de la version complète.
Dialogue/CEM19_5,93ec336b18c8100e5f683f106dfb3bb1af68195b5671c1293a1212b354c629c3,"J'ai installé la [COLOR=ALERT]machine à bons[/COLOR] chez [COLOR=ALERT]Ume[/COLOR]. Elle touche sa part des bénéfices, évidemment.",reviewed,Compatibilité avec la démo 0.10.5 ; source différente de la version complète.
Dialogue/VNM84_12,6e16658baf264aa3f3306ec90bad17c4c5465ec29678817cb5c9bf91d61948e1,"Eh bien, eh bien. Pas de goût pour le théâtre ? Comme c'est triste.",reviewed,Compatibilité avec la démo 0.10.5 ; source différente de la version complète.
Dialogue/CEM20_END_2,2307a8d218f10f66ef77f71f2fe59db2431adb5dc68011a7c6d74ca36e79cc33,Merci de contribuer à faire des plantes les formes de vie suprêmes.,reviewed,Compatibilité avec la démo 0.10.5 ; source différente de la version complète.
Dialogue/CEM20_END_3,95f8655e37704ab4920bca12ebed95384ff790d7927b921690eb0078e206f40b,"Maintenant, Noka doit prévenir plus d'humains-viande ! Bye bye !",reviewed,Compatibilité avec la démo 0.10.5 ; source différente de la version complète.
Dialogue/INTERACTION_CONFIRMATION,3279abb1813101c0163ed478c243be8eb772c46771378fb7bd78d8dd37a79579,Je devrais peut-être dire bonjour à [PARTNER] ?,reviewed,Compatibilité avec la démo 0.10.5 ; source différente de la version complète.
Dialogue/INTERACTION_STORE_CONFIRMATION,d29c1b615aff094da37502b31dba8b7566123287d711277ded904999d3f83458,Que devrais-je faire ?,reviewed,Compatibilité avec la démo 0.10.5 ; source différente de la version complète.
Dialogue/GPN5_2_3,ae6fdf3b90649a3ae9da4c7d8e7401d1961d18b3193b4e0a1a2e8dd1e849cfc3,"M-Mais bref, je suis heureuse d'être ici, à KuloNiku. En sécurité, au chaud et surtout à l'intérieur.",reviewed,Compatibilité avec la démo 0.10.5 ; source différente de la version complète.
Dialogue/GPN5_2_5,92dbaaec3ed93e9703d19e5659471c035c23433632b647df08e1349278fbacd6,"S-Seulement si ce n'est pas trop extrême ! Comme, euh, le saut à l'élastique ou la plongée en cage avec les requins...",reviewed,Compatibilité avec la démo 0.10.5 ; source différente de la version complète.
Dialogue/GPN5_3_1,7986f8f11e218e8f6ff16cea9c32dbec28ca0243bd7a051bb39d320733692e25,"[NAME] ! J-Je suis si heureuse, j'ai réussi à acheter la dernière peluche Woon Woon !",reviewed,Compatibilité avec la démo 0.10.5 ; source différente de la version complète.
Dialogue/GPN5_3_2,9afa042fdad57f3c9dbfe3220411eabbdddf6366d3d1541eaa1e443d374292a6,"Elles sont toujours très populaires... La créatrice ne fabrique que quelques peluches chaque mois, pour que chacune soit spéciale.",reviewed,Compatibilité avec la démo 0.10.5 ; source différente de la version complète.
Dialogue/GPN5_3_3,3cb97030128a9f6fc5b009b81c32c33072d0b338e67491e143a745f7af89b56f,"Woon Woon tout doux est ravi d'être ton ami ! Il adore faire des câlins, même s'ils sont généralement trop doux pour qu'on les remarque !",reviewed,Compatibilité avec la démo 0.10.5 ; source différente de la version complète.
Dialogue/GPN5_3_4,13d358c662dd326b8858995bf2cce02dd4f676262af0d7d0fd5fa9e90d891751,L-Les descriptions sont toutes comme ça... Je les adore.,reviewed,Compatibilité avec la démo 0.10.5 ; source différente de la version complète.
Dialogue/GPN5_4_1,82f3e2ffed3d12799d4c5d489cfd2aa1e268d2bb5ac586845c62845713a30928,"Oh, [NAME], euh, tu t'en sors avec l'inventaire de Bakuso ?",reviewed,Compatibilité avec la démo 0.10.5 ; source différente de la version complète.
Dialogue/GPN5_4_2,e735c4cf9567f0fbf791bd18e65f75befcb124acffb71a2c624d46c1cd000ba6,J'essaie toujours de surveiller les articles qui se vendent bien. C'est p-plutôt fascinant.,reviewed,Compatibilité avec la démo 0.10.5 ; source différente de la version complète.
Dialogue/GPN5_4_5,965af92007d407d5440ba8e431725a6fe4446400b7c4573575282eac6c97f76c,"O-Oh, j'ai justement trouvé un excellent producteur local de [BUYABLE_INGREDIENT]. T-Tu pourrais peut-être en faire des réserves ?",reviewed,Compatibilité avec la démo 0.10.5 ; source différente de la version complète.
Dialogue/GPN6_2_3,6e1491150ce706d203a8fdb6ac67ea5d7baa79a17457b8c9c6c24f9724ac313b,Hum ? Et l'idée de la campagne marketing précédente ?,reviewed,Compatibilité avec la démo 0.10.5 ; source différente de la version complète.
Dialogue/GPN6_3_2,e1f32a2a628eb73e32f26bc8aceabe7607c5ebdb83e17e799a47f9932288c755,Je vais devoir sortir le grand jeu pour ma routine de soins ce soir !,reviewed,Compatibilité avec la démo 0.10.5 ; source différente de la version complète.
Dialogue/GPN6_3_3,537cb573505b340c67589640156f9f92d1b8d1241dd9ea016f645fee5518dc5a,"Masque oculaire chauffant en [SAI_ITEM1], aromathérapie, beurre corporel, masseur crânien... En écoutant mon artiste indé préféré jouer de [ELIO_INSTRUMENT].",reviewed,Compatibilité avec la démo 0.10.5 ; source différente de la version complète.
Dialogue/GPN7_1_1,6a34abb1378669eeaf6868a212fdacb10f2fb075a599275596af176beaa3909a,"Comment s'est passée ta journée, Faucon ? Ou, euh, [NAME].",reviewed,Compatibilité avec la démo 0.10.5 ; source différente de la version complète.
Dialogue/GPN7_1_4,5ce7b66d6baba71676b905cb3ff2c76d358c9befd20aeb7ea9ff1001858dcdaf,Ce n'est pas terriblement ennuyeux ? Aucun criminel [JAYA_PLACE] à arrêter à [MEI_PLACE]. Et très peu d'explosions aussi.,reviewed,Compatibilité avec la démo 0.10.5 ; source différente de la version complète.
Dialogue/GPN7_2_3,717c3675406f0b87c66f639e235b2d46b4525a3bc22966359db052df568c6b4b,C'est vraiment fascinant ! Il est encore plus petit que le modèle précédent. On le voit à peine au microscope !,reviewed,Compatibilité avec la démo 0.10.5 ; source différente de la version complète.
Dialogue/GPN7_2_6,85030b804b986ce1274ac30500355d1dd30a41e9770797e569c6f23d6f6dbee6,(J'écoute Dan s'enthousiasmer pour les gadgets d'espionnage. Ça rappelait le bon vieux temps.),reviewed,Compatibilité avec la démo 0.10.5 ; source différente de la version complète.
Dialogue/GPN7_3_6,0e105ea5d2d91e6075c6502b48bad3b358d5f54b708a641642571c5e1196509c,"(Ses motivations étaient douteuses, mais j'ai quand même partagé ce que je sais avec Dan. Il acquiesçait avec enthousiasme à tout ce que je disais.)",reviewed,Compatibilité avec la démo 0.10.5 ; source différente de la version complète.
Dialogue/GPN8_1_1,cdac10c3fcb100efc8a4b249e59cff06e0c77e7b81f7152dc09d358c2b3a3102,Oh là là... La nuit va être longue.,reviewed,Compatibilité avec la démo 0.10.5 ; source différente de la version complète.
Dialogue/GPN8_3_5,65fbe32401cbf2a87be06565fdafd395492e603cef7652ab8999fb204530e94e,Mais je ferai tout mon possible pour passer du bon temps avec mes potes !,reviewed,Compatibilité avec la démo 0.10.5 ; source différente de la version complète.
Dialogue/GPN8_4_2,c38948079a616ffd04c33cabb372f30bf1dfe199e16150278358887a546df1c9,"Moi, je crois que je vais encore prendre des [JOCKO_FOOD]. Ce n'est pas terrible, mais je les ai eus en promo !",reviewed,Compatibilité avec la démo 0.10.5 ; source différente de la version complète.
Dialogue/GPN8_4_3,68bfbe49ab10cfa00919ea00edf976c5488ba08a0aa7fa67df09382e1e3b4404,"Pas d'inquiétude ! Moi aussi, je me fais plaisir avec la nourriture ! Souvent chez Souper Starz ou Bakuso.",reviewed,Compatibilité avec la démo 0.10.5 ; source différente de la version complète.
Dialogue/VNM87_4,ba4b9c750a7761e67f4b3cf3007b0d857d08f75a4aede6093231aa952b4d02ce,Parle-moi quand tu seras prêt à me lancer ce [COLOR=ALERT]défi classé[/COLOR]. Tu connais la chanson.,reviewed,Compatibilité avec la démo 0.10.5 ; source différente de la version complète.
Dialogue/RANDOMEVENT_2_2,a8b92f2402947d29e5680b61fba7aacf531203d6192e1a6b4e7099aa0f11d938,"(J'ai commencé les livres de développement personnel par ironie, mais ils sont fascinants.)",reviewed,Compatibilité avec la démo 0.10.5 ; source différente de la version complète.
Dialogue/DAYOFF_HANGOUT_NOT_ENOUGH_COIN,01602d9f7837ee39de846d3c637ba9246cb0020e02a539ff02e7646933272a67,Je n'ai pas assez pour sortir...,reviewed,Compatibilité avec la démo 0.10.5 ; source différente de la version complète.
Dialogue/JUDGE_DESC_LADO_SKEWER,3c3df6c48b9af032d197939158f6b254719fc7175bff27196aeca57faa01a6a8,"Une brochette d'[COLOR=LIKED]agneau[/COLOR] savoureuse, s'il vous plaît !",reviewed,Compatibilité avec la démo 0.10.5 ; source différente de la version complète.
Dialogue/JUDGE_DESC_LADO_DRINK,24d260eacb9f30027b40b9eae4cb4b2772c7fce26c87a5b9b04c54aea820e39d,"Et comme boisson, il veut un verre de [COLOR=LIKED]cola[/COLOR] froid et pétillant !",reviewed,Compatibilité avec la démo 0.10.5 ; source différente de la version complète.
Dialogue/JUDGE_DESC_MR_CROIS_SKEWER,24e85a6819406201e313cfb30828f891e05e302a58c756327022ebccd4dde5d3,Sa brochette : [COLOR=LIKED]tomates[/COLOR] rouges et juteuses !,reviewed,Compatibilité avec la démo 0.10.5 ; source différente de la version complète.
Dialogue/JUDGE_DESC_MR_CROIS_DRINK,6daf90e525f6f92a2159314540898d1f057af78742009e6390b84e9fd4fd5546,N'oubliez pas sa boisson : un verre de [COLOR=LIKED]cola[/COLOR] rafraîchissant !,reviewed,Compatibilité avec la démo 0.10.5 ; source différente de la version complète.
Dialogue/JUDGE_DESC_MAMI_SKEWER,41e1f7a5494737fcedbbf88ec74376f28d7dd59e16170239e3d0bb6b34cd8e13,Elle aimerait une brochette de [COLOR=LIKED]champignons[/COLOR] en accompagnement !,reviewed,Compatibilité avec la démo 0.10.5 ; source différente de la version complète.
Dialogue/JUDGE_DESC_MAMI_DRINK,0734ccc7ebfe177cbfd92b46e1e2ec639bd113a3ec73b46549300894cec13ac7,"Côté boisson, elle voudrait du [COLOR=LIKED]thé[/COLOR] ! Du vrai thé, cette fois.",reviewed,Compatibilité avec la démo 0.10.5 ; source différente de la version complète.
Dialogue/JUDGE_DESC_JEN,70b1186ebe4c47dae846d2935c49815d2608de05ba22d8ad593e1a9d0f882c63,"Jen, la fashionista de la cuisine, est là ! Elle adore le brillant des [COLOR=LIKED]vermicelles de riz[/COLOR], mais trouve les [COLOR=DISLIKED]ananas[/COLOR] trop tape-à-l'oeil ! Elle veut son plat [COLOR=SALTY]salé[/COLOR], malgré les ordres du médecin.",reviewed,Compatibilité avec la démo 0.10.5 ; source différente de la version complète.
Dialogue/JUDGE_DESC_JEN_SKEWER,1fed4e038ad3257ff9ed05f461462ebf331e7f70fc20ad919978e27a8e6cfe8d,"Oh oh ! Pour relever le plat, elle veut une brochette de jolis petits champignons !",reviewed,Compatibilité avec la démo 0.10.5 ; source différente de la version complète.
Dialogue/JUDGE_DESC_JEN_DRINK,db6ad7d3bfbe8a3118b338b3dc4f701cd3ec14783d307edd2fed29d6a3b6bc20,Et un verre de cola délicieux pour parfaire le tout !,reviewed,Compatibilité avec la démo 0.10.5 ; source différente de la version complète.
Dialogue/JUDGE_DESC_CHU,1dfb8803202df6b89ae28b1a20f2ca11ce7a5c38ab407b3c0639c022f321cf39,"Mr. Chu nous rejoint aujourd'hui ! Ce marchand ambulant adore le [COLOR=LIKED]pak choï mariné[/COLOR], mais déteste le [COLOR=DISLIKED]poulet[/COLOR]. Il aime les plats [COLOR=SOUR]acides[/COLOR] et [COLOR=SPICY]épicés[/COLOR].",reviewed,Compatibilité avec la démo 0.10.5 ; source différente de la version complète.
Dialogue/JUDGE_DESC_CHU_SKEWER,c74f103dc6fef2335e424188ba2cdf7968b1d51edb03ece456ff143fd9a0f6a7,Il aimerait aussi une brochette de [COLOR=LIKED]tomates[/COLOR] porte-bonheur !,reviewed,Compatibilité avec la démo 0.10.5 ; source différente de la version complète.
Dialogue/JUDGE_DESC_CHU_DRINK,6ef437495ed19ff27bbacfb5690c3aee9077ae4a06edac1714a771b3651b32af,Et du [COLOR=LIKED]jus[/COLOR] revigorant comme boisson !,reviewed,Compatibilité avec la démo 0.10.5 ; source différente de la version complète.
Dialogue/JUDGE_DESC_NOKA,29426e05d492b0e1bfdee31340ca2984a3936d72713af04f77211057535ab699,"Elle aime toutes les plantes, surtout les [COLOR=LIKED]oignons verts[/COLOR] ! Eh oui, c'est Noka ! Pas de [COLOR=DISLIKED]sel[/COLOR] et faites-lui un plat [COLOR=SWEET]sucré[/COLOR] !",reviewed,Compatibilité avec la démo 0.10.5 ; source différente de la version complète.
Dialogue/JUDGE_DESC_NOKA_SKEWER,b7f9361f840b9485328c6748bc28b908a7321a1cedd0bc75706eb4acb16fb47f,"Comme prévu, elle veut aussi plus de légumes en brochette -- des [COLOR=LIKED]champignons[/COLOR], précisément.",reviewed,Compatibilité avec la démo 0.10.5 ; source différente de la version complète.
Dialogue/JUDGE_DESC_NOKA_DRINK,7b973cba0f6cb29678be1f34895af78743ba7b55cd58282d1e10f7506e7f6e8a,Que diriez-vous d'une plante infusée à boire ? Elle exige votre meilleur [COLOR=LIKED]thé[/COLOR] !,reviewed,Compatibilité avec la démo 0.10.5 ; source différente de la version complète.
Dialogue/JUDGE_DESC_TANTI_SKEWER,563478c320bd22addf49e688bc3e6e2a7f1759f2867d2d298c6a1e1222433725,Et une brochette d'[COLOR=LIKED]agneau[/COLOR] ! Miam !,reviewed,Compatibilité avec la démo 0.10.5 ; source différente de la version complète.
Dialogue/JUDGE_DESC_TANTI_DRINK,f01d98bcbcbf75404a9a211aa79325410fbf19ee033e5d0d7833e6231552131b,"Et la boisson ? Rien ne vaut le [COLOR=LIKED]cola[/COLOR], selon elle !",reviewed,Compatibilité avec la démo 0.10.5 ; source différente de la version complète.
Dialogue/JUDGE_DESC_ELIO_SKEWER,2768758c8b8102815ef096e5d7ce0f7d5f2aef59cf8d4feb8408634cd59a4f9f,Servez-lui une brochette de [COLOR=LIKED]tomate[/COLOR] pour une explosion de jus !,reviewed,Compatibilité avec la démo 0.10.5 ; source différente de la version complète.
Dialogue/JUDGE_DESC_ELIO_DRINK,28bd371189f9cc55fdbc12d3bc4db68e8b756a3413427f38fc8c6fd4412b72d2,Et un verre de [COLOR=LIKED]jus[/COLOR] frais pour compléter le repas.,reviewed,Compatibilité avec la démo 0.10.5 ; source différente de la version complète.
Dialogue/JUDGE_DESC_NEKORA,7749b7e4ff73a3cea3db5d08e3156ba3a54b5be8229f7a1737c0ab1a457e21e4,"Oh là là, c'est Nekora ! Elle ne se lasse pas des [COLOR=LIKED]crevettes[/COLOR] juteuses ! Elle exige un plat [COLOR=SOUR]acide[/COLOR] et [COLOR=SWEET]sucré[/COLOR]. Pas de [COLOR=DISLIKED]pak choï mariné[/COLOR], ou elle vous griffera !",reviewed,Compatibilité avec la démo 0.10.5 ; source différente de la version complète.
Dialogue/JUDGE_DESC_NEKORA_SKEWER,b6e819267898620cb016fe4c0a71ca4b799b5f426523b22c0420741f11c9eb53,Plus de fruits de mer ? Ajoutez une brochette de [COLOR=LIKED]poulpe[/COLOR] !,reviewed,Compatibilité avec la démo 0.10.5 ; source différente de la version complète.
Dialogue/JUDGE_DESC_NEKORA_DRINK,aac37a8032ec44f86e319f94e1ef46fdb401d61efa29dd1ec71891d3f83647a7,"Et comme boisson, un élégant [COLOR=LIKED]thé[/COLOR], bien sûr !",reviewed,Compatibilité avec la démo 0.10.5 ; source différente de la version complète.
Dialogue/JUDGE_DESC_OTARU_SKEWER,09cc03c672717b93838a15f2eb8f0c54c18e315e2a5f75e1d9a48145a6bf3685,Il aimerait aussi une brochette d'[COLOR=LIKED]agneau[/COLOR] bien charnue !,reviewed,Compatibilité avec la démo 0.10.5 ; source différente de la version complète.
Dialogue/JUDGE_DESC_OTARU_DRINK,0a6a76763b7994120fa6c8542df3dd221e1b03c66e9c8dbfab8c7af6c58a6b52,Il veut un verre de [COLOR=LIKED]jus[/COLOR] doux et rafraîchissant !,reviewed,Compatibilité avec la démo 0.10.5 ; source différente de la version complète.
Dialogue/JUDGE_DESC_RUNA,3a707c944e3d5bb7792d878b9b8e1b723988f9ef4afc1c827d12d710162f19c5,"Voici Runa ! Étonnamment, elle apprécie la saveur vive de l'[COLOR=LIKED]ananas[/COLOR]. Elle veut un plat [COLOR=SWEET]sucré[/COLOR] et [COLOR=SOUR]acide[/COLOR]. Mais pas de [COLOR=DISLIKED]boulette de tendon[/COLOR] caoutchouteuse !",reviewed,Compatibilité avec la démo 0.10.5 ; source différente de la version complète.
Dialogue/JUDGE_DESC_RUNA_SKEWER,ec14fd1d8068ae18de1a6d6ac7eb72563612c48070aad13c52b24ed65be4a68b,"Elle a faim, alors une brochette de [COLOR=LIKED]champignons[/COLOR] en accompagnement.",reviewed,Compatibilité avec la démo 0.10.5 ; source différente de la version complète.
Dialogue/JUDGE_DESC_RUNA_DRINK,9d43177cfcacd0597635dad80ba791d18a439b84e62bc43b2052cfb4c2b21d68,"N'oubliez pas la boisson ! Préparez un verre de votre meilleur [COLOR=LIKED]cola[/COLOR], les chefs !",reviewed,Compatibilité avec la démo 0.10.5 ; source différente de la version complète.
Dialogue/JUDGE_DESC_SAI_SKEWER,84c265a5c632731051f735a245c28da410cfb74f050d91a7d2b1f94690cfc1a1,Il veut quelque chose de frétillant et mystérieux : servez-lui votre meilleure brochette de [COLOR=LIKED]poulpe[/COLOR].,reviewed,Compatibilité avec la démo 0.10.5 ; source différente de la version complète.
Dialogue/JUDGE_DESC_SAI_DRINK,570abb2b87154589c6d779e5fc905cb2a99c8e214ef5fcdcabc834c2dac84dae,Ajoutez un verre de [COLOR=LIKED]jus[/COLOR] ! Il en a besoin pour se rafraîchir les idées !,reviewed,Compatibilité avec la démo 0.10.5 ; source différente de la version complète.
Dialogue/JUDGE_DESC_ALI_SKEWER,5c2d4371d0b1ffcb34897dccdc586a85648c27ffb85c9bf19a35306596e18de6,Donnez-lui aussi une brochette de [COLOR=LIKED]tomates[/COLOR] ! Il les aime rondes comme une planète !,reviewed,Compatibilité avec la démo 0.10.5 ; source différente de la version complète.
Dialogue/JUDGE_DESC_ALI_DRINK,53c0ee439fc62a96513d0eb8aad7e863f9f87856b249e3dcb6cbf64800bebc70,Et ce n'est pas tout ! Il exige aussi un verre de [COLOR=LIKED]cola[/COLOR] sirupeux !,reviewed,Compatibilité avec la démo 0.10.5 ; source différente de la version complète.
Dialogue/JUDGE_DESC_MINNIE,1eb2bbdd58a8af2c3e17d72af8878ee32d35d8be18512fa359175e566ad0e22d,"En pause dans ses révisions, voici Minnie ! Elle adore les [COLOR=LIKED]échalotes frites[/COLOR] croustillantes, mais ne supporte pas les [COLOR=DISLIKED]raviolis[/COLOR]. Elle veut un plat [COLOR=SALTY]salé[/COLOR], s'il vous plaît !",reviewed,Compatibilité avec la démo 0.10.5 ; source différente de la version complète.
Dialogue/JUDGE_DESC_MINNIE_SKEWER,d96630da5ba99b52882f27b9f0781a730f88adafcd90e9fc2a7c8e2abab87b0b,"Minnie aimerait un peu d'[COLOR=LIKED]agneau[/COLOR]... en brochette ! Servez-la, les chefs !",reviewed,Compatibilité avec la démo 0.10.5 ; source différente de la version complète.
Dialogue/JUDGE_DESC_MINNIE_DRINK,b81da289b892000f4b9df1177584b7fd1c980e00b2f6df285a226423e394826b,Elle n'a pas encore eu son verre de [COLOR=LIKED]thé[/COLOR] aujourd'hui et donnera un point bonus [COLOR=LIKED]en échange[/COLOR] !,reviewed,Compatibilité avec la démo 0.10.5 ; source différente de la version complète.
Dialogue/JUDGE_DESC_CHIL,b22e5d0797c0050503aa429ddb18bd07a692da4264061c8bb619dbd7bb2812ae,C'est juste un mec cool : Chil ! Il aime la douceur du [COLOR=LIKED]tofu blanc[/COLOR] et n'aime pas les [COLOR=DISLIKED]échalotes frites[/COLOR] ! Faites son plat [COLOR=SOUR]acide[/COLOR] pour le motiver !,reviewed,Compatibilité avec la démo 0.10.5 ; source différente de la version complète.
Dialogue/JUDGE_DESC_CHIL_SKEWER,97e2845827ad10f6c99246dbf57fb922c07f65659cabc48960999d08aea2d0b0,"Il voudrait aussi une brochette de [COLOR=LIKED]tomates[/COLOR], si ça ne vous dérange pas trop.",reviewed,Compatibilité avec la démo 0.10.5 ; source différente de la version complète.
Dialogue/JUDGE_DESC_CHIL_DRINK,c2e99b84cd26e36f1320b6542d1d83f2c0a42fce4a5beada3e3fe37ab28b4538,"Oh, et il a un point bonus pour qui lui apportera un verre de [COLOR=LIKED]jus[/COLOR] !",reviewed,Compatibilité avec la démo 0.10.5 ; source différente de la version complète.
Dialogue/JUDGE_DESC_CHARMANT,d26a977f130b32e1f3fc57583cc49e1b70289a6cbdb534177a5e6fe80f8b1754,"Oh là là, le seul homme presque aussi charmant que moi, c'est Charmant ! Il veut un bol de délices [COLOR=SPICY]épicés[/COLOR] et [COLOR=SALTY]salés[/COLOR]. Pas de [COLOR=DISLIKED]germes de soja[/COLOR], mais beaucoup de [COLOR=LIKED]narutomaki[/COLOR] !",reviewed,Compatibilité avec la démo 0.10.5 ; source différente de la version complète.
Dialogue/JUDGE_DESC_CHARMANT_SKEWER,035070ce107e550186d7cb8cbf97eeb68453b610fc68a4fdcf0921afa5d6c12e,"Ces temps-ci, il adore les brochettes de [COLOR=LIKED]poulpe[/COLOR] ! Il en voudrait aujourd'hui !",reviewed,Compatibilité avec la démo 0.10.5 ; source différente de la version complète.
Dialogue/JUDGE_DESC_CHARMANT_DRINK,a77fa1f6b84c730bc314eb01c9445fa616df7524203d846bc6acaafeb3d1e910,Et rien ne vaut du [COLOR=LIKED]jus[/COLOR] pour garder sa peau souple et nette !,reviewed,Compatibilité avec la démo 0.10.5 ; source différente de la version complète.
Dialogue/JUDGE_DESC_SOPHIE,9982b44d2cbf8bb64f6f233ed20fe37b0e0dcd7b562ed7c5e35ed5c373d89843,C'est Sophie de Lady's Ladle ! Elle apprécie les [COLOR=LIKED]raviolis[/COLOR] et les plats agréablement [COLOR=SOUR]acides[/COLOR]. Et surtout pas de [COLOR=DISLIKED]cébette[/COLOR] !,reviewed,Compatibilité avec la démo 0.10.5 ; source différente de la version complète.
Dialogue/JUDGE_DESC_SOPHIE_SKEWER,624219e9fb875b4e83b5e756897dda3299014f2e27b6d664aa0a54f774e906de,Elle aimerait une élégante brochette de [COLOR=LIKED]poulpe[/COLOR] pour compléter le repas.,reviewed,Compatibilité avec la démo 0.10.5 ; source différente de la version complète.
Dialogue/JUDGE_DESC_SOPHIE_DRINK,df4e42e5ad8b6c3aba69221903d0870548b5121937449a6b1b500c6d70f843b9,Et rien ne vaut un verre de [COLOR=LIKED]thé[/COLOR] pour parfaire le repas !,reviewed,Compatibilité avec la démo 0.10.5 ; source différente de la version complète.
Dialogue/JUDGE_DESC_TYRO_SKEWER,849f6de37e8f477800380ba27319fa7134745683f051781643e38d866c62959a,"Encore de la viande ! Il veut de l'[COLOR=LIKED]agneau[/COLOR] en brochette, grillé !",reviewed,Compatibilité avec la démo 0.10.5 ; source différente de la version complète.
Dialogue/JUDGE_DESC_TYRO_DRINK,e4603dd6fb29705e271934f6a1ea10d7085c3fde084fe7b5d0b06a96d3369586,"Pour faire passer ça, un délicieux verre de [COLOR=LIKED]thé[/COLOR] ! Le plus sucré possible !",reviewed,Compatibilité avec la démo 0.10.5 ; source différente de la version complète.
Dialogue/JUDGE_DESC_MEI_SKEWER,e9ec2915cfddbdd6ffae55ffa3de1ee006fff16a18cc562f3755a67e851151f1,Et donnez-lui une brochette de [COLOR=LIKED]champignons[/COLOR] si vous voulez être épargnés !,reviewed,Compatibilité avec la démo 0.10.5 ; source différente de la version complète.
Dialogue/JUDGE_DESC_MEI_DRINK,980f05c00b6a7c0b9751e136cb7714b00001ac6fe5e060c642143ce40d7e21d7,"Elle exige votre meilleur [COLOR=LIKED]jus[/COLOR], le plus frais, pour boire !",reviewed,Compatibilité avec la démo 0.10.5 ; source différente de la version complète.
Dialogue/JUDGE_DESC_LIN,d3d17921b938a6a17b319ae97c93f3a0f924eda7afc69ac8ea83382c568466b2,Elle continuera à sou-Lin-re ! Les fidèles savent qu'elle adore le [COLOR=LIKED]pak choï mariné[/COLOR] et déteste la [COLOR=DISLIKED]poudre de vinaigre[/COLOR]. Ses préférés ? Les plats [COLOR=SWEET]sucrés[/COLOR] et [COLOR=SALTY]salés[/COLOR] !,reviewed,Compatibilité avec la démo 0.10.5 ; source différente de la version complète.
Dialogue/JUDGE_DESC_LIN_SKEWER,532bd63da2178e17b98138e35fead1a6b43af942ed7edb70d6443d646bda1fbb,C'est parti ! Elle veut aussi une brochette de [COLOR=LIKED]poulpe[/COLOR] !,reviewed,Compatibilité avec la démo 0.10.5 ; source différente de la version complète.
Dialogue/JUDGE_DESC_LIN_DRINK,a72f8c664ff60b610a3e33b0a065ef1dd64154d9cf3673fae8be2eef73f5e769,"Maintenant, elle voudrait une tasse de [COLOR=LIKED]thé[/COLOR] pour changer, chers spectateurs !",reviewed,Compatibilité avec la démo 0.10.5 ; source différente de la version complète.
Dialogue/VNM49_18,5af4abadcaef236da3360308243e0ba04476b3dc5f5d494ed8ea9667a5c4b499,C-C'est ouvert ! Le livre cache un lecteur d'empreintes !,reviewed,Compatibilité avec la démo 0.10.5 ; source différente de la version complète.
Dialogue/VNM49_20,887b922ff47406715422d1245e9c56fff3a4be2b2347eb4a2aecb7e95ce05710,« L-L'AMITIÉ » ?!,reviewed,Compatibilité avec la démo 0.10.5 ; source différente de la version complète.
Dialogue/VNM49_21,4ebc9744d5f4c996b187b6e4ddeb2cb5487b4de50b36ff98142dcd87b354993f,"« Et si tu peux ouvrir cette page, c'est que mon petit-enfant est avec toi ! Youpi ! »",reviewed,Compatibilité avec la démo 0.10.5 ; source différente de la version complète.
Dialogue/VNM49_30,fc513b0328b8c56337b448c243bd8b5216413157e5f8a7063c0c92cf20c4dd96,"À ta tête, je suppose que tu ne le sais pas non plus.",reviewed,Compatibilité avec la démo 0.10.5 ; source différente de la version complète.
Dialogue/VNM49_31,959aed37343aaa36097a9b64cfe9c8db16fef43433afac4c432d23d4b3009d06,Hum. Peut-être un vieil ami à elle.,reviewed,Compatibilité avec la démo 0.10.5 ; source différente de la version complète.
Dialogue/VNM88_1,06d8a396001b26a569297e72a821fc7708198c93da070f6048874f35153e96ec,"Fin du service ! Si on continue, on va--",reviewed,Compatibilité avec la démo 0.10.5 ; source différente de la version complète.
Dialogue/VNM88_9,fa8a7e3e97e2cb91744e5d8c08728b18db0dc3d6390cb02a5ca28ea004ae47ea,Il a l'air sain et bien nourri. Mais sans collier.,reviewed,Compatibilité avec la démo 0.10.5 ; source différente de la version complète.
Dialogue/VNM88_11,dd3969a6e1b4625448f93e44fa3b9b557ddb907e5adca69f4e0fba4acdd3db11,"C'est une grande responsabilité, mais je sais m'occuper des chats. Ma famille en a deux à la maison, tu sais ?",reviewed,Compatibilité avec la démo 0.10.5 ; source différente de la version complète.
Dialogue/VNM88_16,011e89e62d1009acbb77629e6a1b445c643c87a431ce1c5cecf75743a0fcadc3,"Il faudra le vacciner, acheter de la nourriture, une gamelle, des jouets..",reviewed,Compatibilité avec la démo 0.10.5 ; source différente de la version complète.
Dialogue/STELLA_CUSTOMER_INTRO_1,706f72e22d57aa6d939982a8c8d17e6a6ac10b3f43cd2dc6f66eb096fa58352a,Je développe un nouveau plat : [STELLA_DISH1] [STELLA_DISH2]. Il sera meilleur que tout ce qu'il y a ici ! Bwahahaha !,reviewed,Compatibilité avec la démo 0.10.5 ; source différente de la version complète.
Dialogue/MAMI_CUSTOMER_INTRO_2,4c3e76a19e195c9368e70fef4c092270a433c1c55014092d3504b710bb4001e0,"Mmm, ça sent si bon ! Laisse-moi deviner, tu utilises [MAMI_DISH1] [MAMI_DISH2] ?",reviewed,Compatibilité avec la démo 0.10.5 ; source différente de la version complète.
Dialogue/SHUGA_CUSTOMER_INTRO_1,ef6c515bdbacad94c42165ca27279f6f7c0ef6157a6e4954dc3212bc7d406a08,Yo ?! Je viens de finir un boulot à [SHUGA_JOB1] [SHUGA_JOB2]. J'ai trop faim !,reviewed,Compatibilité avec la démo 0.10.5 ; source différente de la version complète.
Dialogue/LADO_CUSTOMER_INTRO_2,7ab1eb2f31c8b2d6f731456119538e7e3853be7e9a12febaa59c19d42122a991,Bonjour. Connais-tu cette tendance marketing : [LADO_TREND1] [LADO_TREND2] ? Pittoresque.,reviewed,Compatibilité avec la démo 0.10.5 ; source différente de la version complète.
Dialogue/SOPHIE_CUSTOMER_INTRO_2,24bed33cb582b955fc1544b7f1f0b7d5eb927394f0a085bdbf6ffe727d2e0b12,"""Hmm, devrais-je acheter un nouveau [NPC_ITEM_FANCY] en [SOPHIE_MATERIAL] ? Ah, pardon, je pensais tout haut.""",reviewed,Compatibilité avec la démo 0.10.5 ; source différente de la version complète.
Dialogue/NENE_CUSTOMER_INTRO_2,323c09e0229f5bfcf46cd78f12edccc45e3f23d7762e5f64e8199dcbc5a14e07,"""J'ai été [NPC_JOB_FANCY], je te l'ai déjà dit ? Une époque vraiment [DAN_MISSION2] de ma vie, mon chou.""",reviewed,Compatibilité avec la démo 0.10.5 ; source différente de la version complète.
Dialogue/MEI_CUSTOMER_INTRO_2,091f23abae30253bcbb2ea60d9ada76b470a2feab37c8355647ff688d5d8072b,"""J'ai dû montrer à ces [MEI_PEOPLE] à [MEI_PLACE] qui est la patronne. Ça ne me plaisait pas, mais il le fallait.""",reviewed,Compatibilité avec la démo 0.10.5 ; source différente de la version complète.
Dialogue/SAI_CUSTOMER_INTRO_2,cb1688c4960babf5b665ef7bbcc6d0e6a6bd053c34c57c5365298f47b2c99f7c,"Hé, si [SAI_PURSUER] vient me chercher, tu ne m'as jamais vu ici. [SAI_QUESTION]",reviewed,Compatibilité avec la démo 0.10.5 ; source différente de la version complète.
Dialogue/TYRO_CUSTOMER_INTRO_1,e50a86d2ddba6fd799b7f4c4681be0a00e8d5261b36936ace33f04bf4b12af2c,"Rawr ! Quand je serai grand, je serai un [TYRO_DINO] ! Alors je dois [TYRO_ACTION] tous les jours ! C'est maman qui le dit !",reviewed,Compatibilité avec la démo 0.10.5 ; source différente de la version complète.
Dialogue/ALMA_CUSTOMER_INTRO_1,a1ecb7bfea64231d8d9f59e1e42803d48a084d57c1d84e0a69653790d65cd710,"Ah, bonjour. J'ai une séance de kiné avec [SHUGA_JOB2] après ça, mais le médecin m'a dit de manger d'abord...",reviewed,Compatibilité avec la démo 0.10.5 ; source différente de la version complète.
Dialogue/ALMA_CUSTOMER_INTRO_2,b317a26d14c22a659e3261f2356a7e2953bcd4de83a313e5a4eb732f93ea1bcb,"Chef, j'ai entendu dire que Stella vient souvent ici. Si elle a laissé un [SHUGA_MERCH2], est-ce que je peux... Non, laisse tomber.",reviewed,Compatibilité avec la démo 0.10.5 ; source différente de la version complète.
Dialogue/GERI_CUSTOMER_INTRO_2,e99603e9c1d2a258aa1b6daa316d4e78bd6aae34cb8d636cfb8c806abadaa8a0,"À mon âge, il faut acheter le tout dernier modèle de [NPC_ITEM] pour rester à la mode !",reviewed,Compatibilité avec la démo 0.10.5 ; source différente de la version complète.
Dialogue/SHUGA_JOB1_2,4e04af76106e33db2b6fc1699eb9ee1a8b02e923f84f70d8152078d645873317,apprendre une chorégraphie à,reviewed,Compatibilité avec la démo 0.10.5 ; source différente de la version complète.
Dialogue/SHUGA_JOB2_3,d692270b1aa9bef900e12c2b70de286c8ce0c69486cc2969158a868d217aa5f2,papillons monarques,reviewed,Compatibilité avec la démo 0.10.5 ; source différente de la version complète.
Dialogue/MAMI_DISH2_4,43d6a585390d39ca396bcd4ef0beb4c40282adac8ce6c8788fa84e9632a9c112,oignons rouges,reviewed,Compatibilité avec la démo 0.10.5 ; source différente de la version complète.
Dialogue/NEKORA_TITLE_7,851479bec42bbb682c370ab02caa9f375e77851b0f945d4ad26aa5f6561dec1f,la plus fidèle aux chats,reviewed,Compatibilité avec la démo 0.10.5 ; source différente de la version complète.
Dialogue/NEKORA_SECRET_5,d2234dbe7521490b7a48fdcf83ba4f920c9365fa2979beb1e4bccad358828930,La plupart du temps,reviewed,Compatibilité avec la démo 0.10.5 ; source différente de la version complète.
Dialogue/TYRO_FIGHT1_4,a1ccdda1897c2a91bc3e98d9554af6d2b4617e71c8b37d5b6dfad6b642b3835f,Soixante-sept anomalocaris,reviewed,Compatibilité avec la démo 0.10.5 ; source différente de la version complète.
Dialogue/CHIL_HOBBY_6,4a3ed4ff3a27c8a45f2cb2e10b56d99fa2a73d3bcf099c5a2ee03bb06b2eca9f,les mots croisés,reviewed,Compatibilité avec la démo 0.10.5 ; source différente de la version complète.
Dialogue/SAI_ITEM2_4,9597c4856e97b4ac190647812ed3beaf0880eaab3e89bdc879a82cf3b5a49984,un liquide gris que j'ai trouvé,reviewed,Compatibilité avec la démo 0.10.5 ; source différente de la version complète.
Dialogue/SAI_PURSUER_2,28c34480e42201c4fa4b08b0c1c74ab4d3af797e4b1fcd5793f021e57e25f515,un gros homme en costume noir,reviewed,Compatibilité avec la démo 0.10.5 ; source différente de la version complète.
Dialogue/DAN_MISSION1_5,1f08ce15207c39377a0e9a344037f7f5d5453a830658cbf26191e45bc3b7814e,l'hôtel de Hilbert,reviewed,Compatibilité avec la démo 0.10.5 ; source différente de la version complète.
Dialogue/DAN_MISSION1_6,2fb927107c3f907bc0925e49918447d40a32e1dfa48d8a35cd34016b10d9c984,Stonehenge,reviewed,Compatibilité avec la démo 0.10.5 ; source différente de la version complète.
Dialogue/MINNIE_HOBBY_1,c6a9c7668c09b8671ea5ff4551eb69c3192ba2c916af9ae2a1d7c852e0483b4b,joue au bowling,reviewed,Compatibilité avec la démo 0.10.5 ; source différente de la version complète.
Dialogue/JEN_CURSE_2,df14de780b881a759f320bb69f74fc5a8683a65df2ba48966bb94a00988ebd3c,C'est embarrassant !,reviewed,Compatibilité avec la démo 0.10.5 ; source différente de la version complète.
Dialogue/JEN_CURSE_3,622e33e772866cb6e7a9bd8a935825d34f555ec49b0e0293c400fda733c2f9d8,Ça les tuerait de mettre du sel ?!,reviewed,Compatibilité avec la démo 0.10.5 ; source différente de la version complète.
Dialogue/MEI_PEOPLE_4,934e256e79ee8d11ea28497990704c7a261111dae1bf49d5b1b17ac9ba518cd3,bons à rien,reviewed,Compatibilité avec la démo 0.10.5 ; source différente de la version complète.
Dialogue/MEI_PLACE_8,50b1062124f908073e2beb4b1c73db72f9aaf7f12d9c20b7a1651b63c839026b,le cours de ballet,reviewed,Compatibilité avec la démo 0.10.5 ; source différente de la version complète.
Dialogue/OTARU_TITLE1_3,954b16345f5bd062e483b4360555b61fcd8b87010b7db3eb67b3a4636c28c998,La méchante tombe amoureuse d'une,reviewed,Compatibilité avec la démo 0.10.5 ; source différente de la version complète.
Dialogue/OTARU_TITLE2_2,3ae0aaf303639c671e3fdab6f28db5599366a11f05a47612f19b4dba4b013bf8,aventurière faible aux pouvoirs cheatés,reviewed,Compatibilité avec la démo 0.10.5 ; source différente de la version complète.
Dialogue/BORIS_COMPLAINT_1,b7d785f84d8e77e4ca9c77b66d6ee06a6144f5250e02eda3cd7afdf5cec64846,traverser hors des clous comme s'ils possédaient la rue,reviewed,Compatibilité avec la démo 0.10.5 ; source différente de la version complète.
Dialogue/BORIS_COMPLAINT_4,861523418d1f6b213366c574925d5f0c96a098f0edba79eec71dbf327e2d809e,mâcher la bouche ouverte,reviewed,Compatibilité avec la démo 0.10.5 ; source différente de la version complète.
Dialogue/BORIS_ACTION_8,a502729792875908275c906cd671266b8f1e48fb84ec09825f224ecabef5e01b,aller à une soirée pyjama,reviewed,Compatibilité avec la démo 0.10.5 ; source différente de la version complète.
Dialogue/ALI_PLACE_1,c0c5b9bb3f6b32c56d8ed71ce0c3f34557310aa55d459b63d48d530a29e6754f,l'astéroïde B-612,reviewed,Compatibilité avec la démo 0.10.5 ; source différente de la version complète.
Dialogue/ALI_PLACE_8,9dcfbca4490a23739d4931fe83eac6bf615684a29ac76a0debf3fb5dd661ac9b,la comète de Halley,reviewed,Compatibilité avec la démo 0.10.5 ; source différente de la version complète.
Dialogue/ALI_ACTION_4,ded1e79c0e91304cf9c9f7bf547eae79201d4eff9c618db463bdb0cee4000318,ont des os à l'intérieur,reviewed,Compatibilité avec la démo 0.10.5 ; source différente de la version complète.
Dialogue/ALI_ACTION_6,ab9f55be3a4294e10ece0d31c1113f0be3170ddf426ca061dd362f616cf07e27,ne peuvent pas survivre dans l'espace,reviewed,Compatibilité avec la démo 0.10.5 ; source différente de la version complète.
Dialogue/JAYA_TROUBLE_3,96d2d3bd992d8978bb505cfdb893bad6be47571e0719ad8307a2eac2b77baded,maid féline mignonne à en être dérangeante,reviewed,Compatibilité avec la démo 0.10.5 ; source différente de la version complète.
Dialogue/JAYA_TROUBLE_8,d3679d2aa43f8e3903021e3ec39f8b87c784fbea795d72f500fd510e3cb3e8bc,batteur dans la lune,reviewed,Compatibilité avec la démo 0.10.5 ; source différente de la version complète.
Dialogue/ANDY_JOB_8,24e6c3aedceee31f5ba2c934db8d494bd9356f9f59542b0dcf0a0ef563d15100,organiser des duels culinaires,reviewed,Compatibilité avec la démo 0.10.5 ; source différente de la version complète.
Dialogue/LIN_GAME1_3,418675f898f429b12c1423255f87bdebc1e2af059b758b4e57bae81ea0fb340b,Contes d'un,reviewed,Compatibilité avec la démo 0.10.5 ; source différente de la version complète.
Dialogue/GERI_WISDOM1_3,d32ded1e61458d0c9d5f465bc5b8a0a23735bc89a9ec03730d485f49636e0363,assiduité,reviewed,Compatibilité avec la démo 0.10.5 ; source différente de la version complète.
Dialogue/GERI_WISDOM2_6,1ef17692f920ca84a578f3469ac972b42ae769f0dcfe020df5fbda259a7b4d2a,bonne pour l'âme,reviewed,Compatibilité avec la démo 0.10.5 ; source différente de la version complète.
Dialogue/VNC0_19,d6607f8623f74aafe0cb9cef6ef88f8a33138c36671c96847a2fce39174e3b79,"Elles me manquent parfois, même si on se disputait beaucoup à la maison.",reviewed,Compatibilité avec la démo 0.10.5 ; source différente de la version complète.
Dialogue/VNC0_26,2b2258d67e576e12b9a0a85ea0ec12c5d084778953296b173e5ae5d3c44a7edc,C'est exactement ça. Tu as un don pour ça !,reviewed,Compatibilité avec la démo 0.10.5 ; source différente de la version complète.
Dialogue/VNC0_29,7a71f7760e0e940d6d7875ed671c9845fcce1be8f34d70300cb55ce99cfdb131,"Q-Quoi ? Concentre-toi, veux-tu ?",reviewed,Compatibilité avec la démo 0.10.5 ; source différente de la version complète.
Dialogue/VNC0_34,af38537235679a8d6c0928f53ffa96fbf513d7ac9da422c1e4240320fb4d5409,"Bonjour, bienvenue ! Merci d'être revenu ! Tu m'as manqué !",reviewed,Compatibilité avec la démo 0.10.5 ; source différente de la version complète.
Dialogue/VNC0_CHOICE_6,ca4239c2bf41815bb103a6f6fc2ea8a22d07da1de8a6c52fbe00babd8f3335e9,"H-Hé, ce n'est pas excessif ?",reviewed,Compatibilité avec la démo 0.10.5 ; source différente de la version complète.
Dialogue/VNC0_38,812e666c52616065f4f75d489501b8973b60e5515062e3da31572e5e1d18920e,"Oups, désolée ! ",reviewed,Compatibilité avec la démo 0.10.5 ; source différente de la version complète.
Dialogue/VNC0_45,0e8e9284b97c2e5216854871008156748cf71a21557ce7625626cf7a7f17f899,"Et si tu t'inscris à notre programme de fidélité, tu as 50 % de réduction sur ton premier achat !",reviewed,Compatibilité avec la démo 0.10.5 ; source différente de la version complète.
Dialogue/VNC1_HANGOUT_5,2eac1bf0eda98a4bc8287205c0168f7d7cb1063575d7b03b9dcb9719d90a7875,"...Ça faisait longtemps qu'on n'avait pas fait ça, hein ?",reviewed,Compatibilité avec la démo 0.10.5 ; source différente de la version complète.
Dialogue/VNC1_HANGOUT_9,1f630b0b0c131a877f8b13727a11d464571d4bad714de3335c64512b2a5ecae5,"Des produits hyper locaux, hein ? Je ne sais pas s'ils sentent bon, mais j'en prends un de chaque !",reviewed,Compatibilité avec la démo 0.10.5 ; source différente de la version complète.
Dialogue/VNC1_HANGOUT_10,7af89589e786f695e77a93ee61a31061acf7ed3ba47e2ea40cfa9c8241805ad2,"Si je ne les aime pas, je les enverrai à mes soeurs.",reviewed,Compatibilité avec la démo 0.10.5 ; source différente de la version complète.
Dialogue/VNC1_HANGOUT_33,2ee9d61f477572f7158c159ca1065b60038e4e1394838a8167841db9e4089193,J'ai pris des notes sur les différentes stratégies marketing pour voir ce qui marche dans cette ville.,reviewed,Compatibilité avec la démo 0.10.5 ; source différente de la version complète.
Dialogue/VNC1_HANGOUT_34,9c3b1576bcffdf4fee98e46eb8e6517677ca99013217c71918d8b651f233452c,"Pour booster le marketing de Bakuso, bien sûr.",reviewed,Compatibilité avec la démo 0.10.5 ; source différente de la version complète.
Dialogue/VNC3_3,e78cc5d7d760d3e4ad734297c097355ecbe60fb9c22fb166a2fa095425896d6b,"Je voulais réserver tout le parc pour nous, mais ils ont dit que ce n'était pas permis. Pff, rabat-joie !",reviewed,Compatibilité avec la démo 0.10.5 ; source différente de la version complète.
Dialogue/VNC3_8,2d2f8c8b95935a5880f79ad67e872813cb073787b259dbe03f2ef2cffe83a863,"J'en suis à mon troisième café, alors je me sens pétillante, bizarre et BIEN !",reviewed,Compatibilité avec la démo 0.10.5 ; source différente de la version complète.
Dialogue/VNC3_9,ece8ed51d2bdb7744b83928a9497dc2d450b37c1a083f2b1f6911d9d9dc0e82c,D-D'accord. C'est une bonne idée. Mes soeurs l'ont dit aussi.,reviewed,Compatibilité avec la démo 0.10.5 ; source différente de la version complète.
Dialogue/VNC3_12,7b810e237c68532cc34b54e9908f534eb828ea841db04a75e68cb4202314a3ab,"Nous sommes à l'aube de la grandeur, je le sens.",reviewed,Compatibilité avec la démo 0.10.5 ; source différente de la version complète.
Dialogue/VNC3_13,a6291117f04f97273a000af770a433b4a21ed682e5d31944a4fec68c7b3adf96,"Le mois prochain, nos noms seront dans le « 30 de moins de 30 ans » de Forks.",reviewed,Compatibilité avec la démo 0.10.5 ; source différente de la version complète.
Dialogue/VNC3_17,6b50a3fd4474f310fb177a5fa0950e2a63f1e78b3fdaaf799990ab3a70a503dd,"Bonjour, madame ! C'est votre enfant ? Qu'il est mignon ! Puis-je vous proposer de goûter nos nouilles aux boulettes ? C'est gratuit !",reviewed,Compatibilité avec la démo 0.10.5 ; source différente de la version complète.
Dialogue/VNC3_21,faf71ab68865f8e5b5447df1aa02022d91f3413cf03f012768017342c0827de8,"Vous voulez acheter ? Merci, mais aujourd'hui tout est gratuit ! Prenez cette brochure et revenez bientôt !",reviewed,Compatibilité avec la démo 0.10.5 ; source différente de la version complète.
Dialogue/VNC3_28,6d4b739f2741d0f633a0679881df11073e74bf6faaa010d29d49849438d3beb7,Pouah... o-où suis-je ?,reviewed,Compatibilité avec la démo 0.10.5 ; source différente de la version complète.
Dialogue/VNC3_CHOICE_8,e6a5ea43d5218d16d09c60ffea3f9f847384804212a1d397cfa755205ae3252b,"Chut. Tiens, mange une boulette.",reviewed,Compatibilité avec la démo 0.10.5 ; source différente de la version complète.
Dialogue/VNC4_4,f6a96d836aa82be5c38f27fcfa961360432deffe5318120eae784aa4354d1fe3,"J'ai donc dû les aider à éteindre le feu en appel vidéo. Pff, ces pestes.",reviewed,Compatibilité avec la démo 0.10.5 ; source différente de la version complète.
Dialogue/VNC4_10,a20dd68f111035b4917e4b2e6a46c42e9c3b2cf14d0a221d3fe9892dff6726a9,"Désolée. D'accord, euh, je crois que j'y arrive.",reviewed,Compatibilité avec la démo 0.10.5 ; source différente de la version complète.
Dialogue/VNC4_15,00e8e834951521b8800e6555547ccebef07d993ee0a24ae3458c8e6d816055f5,"Tu vois, [NAME], j'ai toujours été une bonne élève. Et une bonne grande soeur aussi, si je puis me permettre.",reviewed,Compatibilité avec la démo 0.10.5 ; source différente de la version complète.
Dialogue/VNC4_16,1dbbe52aeb763efb505da54d70cc0f2293e131cd0c4d848ffc5d6199b7a60f23,"Mais la fac, c'était si différent. Je vivais loin de ma famille. ...Je n'avais plus à être un modèle ni à m'occuper de mes petites soeurs.",reviewed,Compatibilité avec la démo 0.10.5 ; source différente de la version complète.
Dialogue/VNC4_32,fe616c052b2762f0c2bb5e29caba5e4d2392a3355123f1d518fd869ea3140b33,"Hahaha, tu as raison, je le fais trop souvent.",reviewed,Compatibilité avec la démo 0.10.5 ; source différente de la version complète.
Dialogue/VNC4_36,baf65ec41d2a67612a5045c365c00b39dbfb329e78c067b3bf8f7752d03625bd,"Bon sang ! Qu'elles mangent des céréales, ou autre !",reviewed,Compatibilité avec la démo 0.10.5 ; source différente de la version complète.
Dialogue/VNC4_38,8edbe9ef8c678f07ffdd66445c184dcc3544d4688bd0714052a4fbfbe81c1566,"Oh, c'est-- ",reviewed,Compatibilité avec la démo 0.10.5 ; source différente de la version complète.
Dialogue/VNC4_39,db41fa76fd4ad4b96fc34d0e6eaa188e57f905e42248f30dd2e60a464f01b6cc,Tu as sûrement raison. Je me sens bête de ne pas l'avoir remarqué plus tôt. ,reviewed,Compatibilité avec la démo 0.10.5 ; source différente de la version complète.
Dialogue/VNC4_46,048eb2c25c3b4fe74d725b0cb43f6249e36aa30111bec3b52249ad73cae78955,Je crois que... ma peur des erreurs m'en fait faire davantage.,reviewed,Compatibilité avec la démo 0.10.5 ; source différente de la version complète.
Dialogue/VNC4_53,a0ce679fae64468bbcbc163aecb1b051c21c39f515d7cad1349d23a620344f79,"Oh, mes vêtements sont trempés. Tant pis !",reviewed,Compatibilité avec la démo 0.10.5 ; source différente de la version complète.
Dialogue/VNC5_3,4ab584ad0d6cb280f4cb7f93d452ddfaf241ae068342af4c4767311f96f46a41,"Aujourd'hui, je suis prête !",reviewed,Compatibilité avec la démo 0.10.5 ; source différente de la version complète.
Dialogue/VNC5_7,1695a50c87b39123db2661f194e8b7ec2b60c809f87a19308cf20d67ff014a96,Amusons-nous dans des proportions réalistes !,reviewed,Compatibilité avec la démo 0.10.5 ; source différente de la version complète.
Dialogue/VNC5_18,86918be044bcedda39e0f8d7815d9b774ce1af826d06999a7547dece3eaa7c56,"...Ça t'intéresse ? Alors euh, je vais venir avec toi. Tu me protégeras, hein ?",reviewed,Compatibilité avec la démo 0.10.5 ; source différente de la version complète.
Dialogue/VNC5_20,f3cfa98556dc7db1a069776de0e123f2c4b919c5765a41cff731917a9b54b4a5,L'homme-aux-mains-à-la-place-du-visage et la-femme-non-humaine nous poursuivaient...,reviewed,Compatibilité avec la démo 0.10.5 ; source différente de la version complète.
Dialogue/VNC5_27,97dcd292507200dfe37add170476e927cde8552de4f71d17d674aa4b2fc4c320,"Héhé, je ne suis pas vraiment fâchée. Je sais que je peux compter sur toi. ",reviewed,Compatibilité avec la démo 0.10.5 ; source différente de la version complète.
Dialogue/VNC5_30,1c3da46120bf2c04ed7fdd1d74bf29b89233d7ab10bcae73d51c70cdbeec2950,« C'était troooop effrayant ! Il faut essayer quand vous viendrez me voir ! »,reviewed,Compatibilité avec la démo 0.10.5 ; source différente de la version complète.
Dialogue/VNC5_32,af6a31855035841bc457e91eee918397a467fa36b9d2603ab63cc997fb023f60,"« Alors, grande soeur, quel trouillard ! lol », puis : « Je parie que tu t'es accrochée à [NAME] comme si ta vie en dépendait. »",reviewed,Compatibilité avec la démo 0.10.5 ; source différente de la version complète.
Dialogue/VNC5_46,6c7c865b5885f5ab2e101b5b58106e765ce6625314ec205a5b0d37c5ee15511b,"Je ne parle pas seulement du parc. Mais d'être moi-même, avec toutes mes imperfections. ",reviewed,Compatibilité avec la démo 0.10.5 ; source différente de la version complète.
Dialogue/VNC5_48,34c4d41d0c8ff68f592d6e39ec284b57b624f4d6a459564c886758ea77bc157c,"À vrai dire, je me sentirais mal si j'étais la seule à faire des erreurs.",reviewed,Compatibilité avec la démo 0.10.5 ; source différente de la version complète.
Dialogue/VNU1_2,39672c1ddf20649fd3448ab868e08aaa847da913561460e5587c3d0df5c4c804,"Tu es là ! Euh, merci. Les gens ne viennent pas toujours. Ils... oublient parfois ou changent d'avis.",reviewed,Compatibilité avec la démo 0.10.5 ; source différente de la version complète.
Dialogue/VNU1_3,815b80ff819d69802f946bdba5b837e0b833eb177eec2c333820966c67f62e24,"Enfin, euh--",reviewed,Compatibilité avec la démo 0.10.5 ; source différente de la version complète.
Dialogue/VNU1_16,3277865ebe6e6b83a4a6c4d9bd98f3e5f2c9b885cf0fa29cae0be45ec987e5bb,J-Je peux te prêter le livre si tu veux.,reviewed,Compatibilité avec la démo 0.10.5 ; source différente de la version complète.
Dialogue/VNU1_22,770dce8af58ab497650be113657a9cbeb34fe7c3ef03cdefd5d4d87868631975,"Je ne sais pas si tu l'as remarqué, mais, euh, je suis vite nerveuse, surtout quand je parle à des i-inconnus. Aaah.",reviewed,Compatibilité avec la démo 0.10.5 ; source différente de la version complète.
Dialogue/VNU1_24,5815aa008169f531b78a0836c2538f98357e2a98d9d1c9fe28eb0ec8dba1f538,"Alors, si tu m'aidais à surmonter mon a-anxiété, je t'en serais infiniment reconnaissante. B-Bien sûr, je sais que tu as, euh, beaucoup à faire. Si tu préfères ne plus jamais me parler, j-- je comprendrais...",reviewed,Compatibilité avec la démo 0.10.5 ; source différente de la version complète.
Dialogue/VNU1_27,099a38f23c68ba84a650020647d25a66c444596455da2c4031e17fef5ec607c0,M-Merci beaucoup ! C'est gentil.,reviewed,Compatibilité avec la démo 0.10.5 ; source différente de la version complète.
Dialogue/VNU1_28,087ac1fba733053c9bdb8840df401f644ee1aba4ba2ab9a696a29a6865c61ac4,"O-Oh ! Bien sûr, je veux dire, euh...",reviewed,Compatibilité avec la démo 0.10.5 ; source différente de la version complète.
Dialogue/VNU1_30,85a78d122b4dd61e481b6144bff5c1f451a20abcf52630c5ee28651e76e68b56,"Bon. Euh, je vais t'expliquer pourquoi je g-gère une boutique...",reviewed,Compatibilité avec la démo 0.10.5 ; source différente de la version complète.
Dialogue/VNU1_CHOICE_11,1c4bc34552188269732e418172347747980b1879a27f40bde7f3efeeea2d5142,Mais tu te débrouilles déjà bien !,reviewed,Compatibilité avec la démo 0.10.5 ; source différente de la version complète.
Dialogue/VNU1_41,994c71f2af429b47861fc02fa156e0ffb02cce1f3c115cefa8e5517431a7275c,"À vrai dire, inventaire et compta me plaisent parfois. Mais les clients... pas mon truc.",reviewed,Compatibilité avec la démo 0.10.5 ; source différente de la version complète.
Dialogue/VNU1_43,6a21e049027f8203f3d05b5ea869d3ae14e18ef3a7fb607bd00d11bca3a24e4d,Je peux très bien parler si je lis. Comme quand je lisais cette brochure.,reviewed,Compatibilité avec la démo 0.10.5 ; source différente de la version complète.
Dialogue/VNU1_53,91fff57ea04bb9da355bf35d4cd297c51f70aade17efc5096fcb978d8a1388aa,"S-S'il te plaît, veille encore sur moi.",reviewed,Compatibilité avec la démo 0.10.5 ; source différente de la version complète.
Dialogue/VNU1_54,a9a500d91a7186f076950380742fccaaf93ff1683b5b62cbfebfeb2e59f93e19,"Oh, si tu as le temps, je, euh, voudrais te montrer mes cinq coins lecture du parc...",reviewed,Compatibilité avec la démo 0.10.5 ; source différente de la version complète.
Dialogue/VNU5_10,05af766907256bfedd0190fb4e198cbdbd456598c136d0d1f27ad096bc0ee8bf,"J'ai bien plus de commandes ! Mais, euh, expédier en Amazonie ou au Sahara reste difficile. Je vais trouver.",reviewed,Compatibilité avec la démo 0.10.5 ; source différente de la version complète.
Dialogue/VNU5_20,49f94c37a7dd970407189ba2961b0c9715a91e7ae540b9a6f584529af034ba24,"Tu es la seule personne avec qui je peux être parfaitement à l'aise, [NAME]. Alors... merci encore. Du fond du coeur.",reviewed,Compatibilité avec la démo 0.10.5 ; source différente de la version complète.
Dialogue/VNU5_34,1a157ffd32dd8de79505cffa5bccf186fd063e8c83e64f14cd7870e688442658,"Tu sais, [NAME], même si ces dernières semaines ont été aussi excitantes que dans mes livres...",reviewed,Compatibilité avec la démo 0.10.5 ; source différente de la version complète.
Dialogue/VNU5_CHOICE_6,adecb3bfe3f388cb85e42018f1d5e6640d9e610d698d2b45c50ca170b01d32dd,Requins ninjas ados !,reviewed,Compatibilité avec la démo 0.10.5 ; source différente de la version complète.
Dialogue/VNU5_CHOICE_7,767684110ed7096c18e5a27175dc832fd49283152fecf332a63aeeefbde85336,Jurassic Shark !,reviewed,Compatibilité avec la démo 0.10.5 ; source différente de la version complète.
Dialogue/VNU5_CHOICE_8,1069e3ed78e9487f89f0d5f33ee3fe629d512f1b1160429cba80c726559b4c82,Le journal d'Ume !,reviewed,Compatibilité avec la démo 0.10.5 ; source différente de la version complète.
Dialogue/VNU5_52,9c249f277c8cfff9a401778e48e0d4215b6f1381801bc902f8899893fe1071d7,"J'aime juste passer du temps avec toi, [NAME]. J'espère que c'est réciproque.",reviewed,Compatibilité avec la démo 0.10.5 ; source différente de la version complète.
Dialogue/VNS1_CHOICE_3,7863785022fdec19d4551fbc9c5ff63ed6958c6650594f7c0855d9b7ca97f4a5,C'est toi que je préfère.,reviewed,Compatibilité avec la démo 0.10.5 ; source différente de la version complète.
Dialogue/VNS1_12,af1d2d1f4d83afc27ca51794220de35ca29c25fe4119551be7eb0d567c5fc813,"W-Waouh, haha, quoi ?",reviewed,Compatibilité avec la démo 0.10.5 ; source différente de la version complète.
Dialogue/VNS2_CHOICE_10,b95ce16e988341582266046035846e3d0dcc035cecf50d8a39104beeabab2ec6,Attention !,reviewed,Compatibilité avec la démo 0.10.5 ; source différente de la version complète.
Dialogue/VNS2_CHOICE_11,e0fde10d35d232710212fb01f8508398a623f929b231bd667140b8bc87115ddf,"Shuga, attention !",reviewed,Compatibilité avec la démo 0.10.5 ; source différente de la version complète.
Dialogue/VNS2_48,10abdafb024aeae876fd0ea11b01f4a0287460ac07a999ddb54d86db64736120,Hein ?,reviewed,Compatibilité avec la démo 0.10.5 ; source différente de la version complète.
Dialogue/VNS2_CHOICE_12,fb16351a194bbebc41aadc9bc9118427fae3d8d1f34f98563703c101b12f0c6a,(Ne rien dire plutôt.),reviewed,Compatibilité avec la démo 0.10.5 ; source différente de la version complète.
Dialogue/VNS4_51,59e94aa3d81c58e9235e63d79f440d1467807257c2ae2ce67c930529d1bdd537,"Hein... Cette voix, non, impossible...?!",reviewed,Compatibilité avec la démo 0.10.5 ; source différente de la version complète.
Dialogue/VNM62_6,6910bf7429443b2b440bb0be2e60061ec4a534513cbd9508c793f899ea6eff11,Héh. Je regrette presque que cette vieille carne ne soit plus là pour le lui jeter à la figure.,reviewed,Compatibilité avec la démo 0.10.5 ; source différente de la version complète.
Dialogue/VNM62_11,1043cd6fd81b270fd5f0171599d2542b7af72e5e757ce2cded8329b2c9c1f3c8,Je m'en souviens comme si c'était hier. Je bâtissais ma première usine de bormaline quand ta grand-mère est arrivée en ville.,reviewed,Compatibilité avec la démo 0.10.5 ; source différente de la version complète.
Dialogue/VNM62_12,49f26158af78554c44c22954c99febde68f9040a938459f7c1676329111f5493,"À l'époque, sa boutique était une charrette. Elle se faisait passer pour une modeste vendeuse de boulettes.",reviewed,Compatibilité avec la démo 0.10.5 ; source différente de la version complète.
Dialogue/VNM62_13,69beb8f33cbe678216c72c17e94a02d86ed86047f6076146f9211d3c03694dde,"Nouveaux venus tous les deux, on traînait souvent ensemble. Elle me rabattait les oreilles avec la joie et l'amour de cuisiner.",reviewed,Compatibilité avec la démo 0.10.5 ; source différente de la version complète.
Dialogue/VNM62_15,1fc67e704d26729e7c00f1239171ca0387ff26b2916e9856fc3a77d244a18411,"Puis ma formule de bormaline a rapporté des millions. C'était magnifique. Si peu chère, si rentable. Elle pouvait conserver des boulettes pendant des années !",reviewed,Compatibilité avec la démo 0.10.5 ; source différente de la version complète.
Dialogue/VNM62_17,dd9c57008dbd9cabc00409cec7fc23afe89b872acc144d39579b5ed34b039d13,"Elle tentait sans cesse de m'en dissuader. À l'époque, je la prenais pour une idiote myope au coeur tendre.",reviewed,Compatibilité avec la démo 0.10.5 ; source différente de la version complète.
Dialogue/VNM62_25,f58931df72594a6f540ff00569dd25d60712c1936de8bba80bf4d86c640106e1,"J'ai même poussé ce Chu à venir ici, espérant que lui ou quelqu'un de ta fichue Organisation te ramènerait de force !",reviewed,Compatibilité avec la démo 0.10.5 ; source différente de la version complète.
Dialogue/VNM62_31,4c4f439224361e3d887e79fc5c2cd766e33119d8e873417022dec9f56f7ec91c,"Bientôt, tous les habitants vendront leur maison juste pour acheter plus de mes boulettes !",reviewed,Compatibilité avec la démo 0.10.5 ; source différente de la version complète.
Dialogue/VNM62_40,0b97fe1a88ae98122e5cfcdd3c1ba6a06119cf6cdf0afb5f534213d39b0e9300,"Bon, si tu veux bien m'excuser. Je dois préparer le lancement de la production de masse.",reviewed,Compatibilité avec la démo 0.10.5 ; source différente de la version complète.
Dialogue/VNM62_51,b69c1c073c4066f0ccdbf42cf1a9ae5b94ecdb283f6ce05041cb82d57439f1ce,Tu ne vois donc pas ? Ta grand-mère a déjà la réponse !,reviewed,Compatibilité avec la démo 0.10.5 ; source différente de la version complète.
Dialogue/VNM62_67,5ce2fd744de7f793c2b191b2e60a40aaead6de3223c5cc00ddeca77830bded55,"Par précaution, j'ai « accidentellement » laissé mon magnétophone dans cette pièce. Il a tout enregistré.",reviewed,Compatibilité avec la démo 0.10.5 ; source différente de la version complète.
Dialogue/VNM62_71,ef1ef61aac93ff1c014eb2fdefc94e99021c3827f034d2bb31ce2bc85c103a5f,"Je sais à quel point il est insaisissable. Il cherchera à s'en sortir par la parole, avec des avocats s'il le faut.",reviewed,Compatibilité avec la démo 0.10.5 ; source différente de la version complète.
Dialogue/VNM62_78,6b4737a172bf97d3dc709f5bae87409a668f262e848a7dac3659a7c9b64e7c67,Il se croit au sommet du monde après t'avoir vaincu. Son excès de confiance causera sa perte.,reviewed,Compatibilité avec la démo 0.10.5 ; source différente de la version complète.
Dialogue/VNM4_4,ca38a9afe3f5d9b0506561ff69d5275e8cbeda377f0019689b97aa52636df0a7,Toi en cuisine et moi aux affaires et à la promotion. L'équipe parfaite !,reviewed,Compatibilité avec la démo 0.10.5 ; source différente de la version complète.
Dialogue/VNM4_6,36426011308e3a99f8513b4f71a00fd17a8e511918bc57e2351b6107716d8373,"En fait, tu parles rarement de [COLOR=ALERT]ton passé[/COLOR], pas vrai, [NAME] ?",reviewed,Compatibilité avec la démo 0.10.5 ; source différente de la version complète.
Dialogue/VNM4_CHOICE_1,d3b97672d731b59d9edafa09a52e4fd847c3cbae7759e14af5b3bc552e407f62,Je devrais peut-être lancer un podcast,reviewed,Compatibilité avec la démo 0.10.5 ; source différente de la version complète.
Dialogue/VNM4_CHOICE_2,2bed2cabce8c13c4e855b0d213380e152760e766a2e1fb6d495bbd863351cf3c,Je préfère vivre pleinement le présent,reviewed,Compatibilité avec la démo 0.10.5 ; source différente de la version complète.
Dialogue/VNM4_10,ae16f9c67084c2687f63ac42112df36dc4dd4031bf737a10ed285ddc65fcb1c5,"Bon, garde ton secret. J'ai mes propres secrets, après tout.",reviewed,Compatibilité avec la démo 0.10.5 ; source différente de la version complète.
Dialogue/VNM4_15,a0dd0635fee11a5b9b9bb96f1a5daf2f7c26c84833fa7db87642b6418842e012,"Travaillons dur à nouveau demain. Mais pour l'instant, reposons-nous bien.",reviewed,Compatibilité avec la démo 0.10.5 ; source différente de la version complète.
Dialogue/VNM4_19,fdf044643fa70ba852d20373d47be654ed923cffa24b845fd2421a27b5c349d0,(Je vais travailler dur et rendre Mamie fière !),reviewed,Compatibilité avec la démo 0.10.5 ; source différente de la version complète.
Dialogue/VNM21_3,f9c4f5ae8d1b13bfb5423648249f3b8a4f565109dffbbbb58f92785c2c4c43cc,"Je l'ai dit : n'embête plus [NAME], ou je te plonge dans notre marmite de soupe !",reviewed,Compatibilité avec la démo 0.10.5 ; source différente de la version complète.
Dialogue/VNM21_7,b55db81590b8738e050b4f0986eb90c99e5783f984eb9cfe74f8b303bc4e057e,"Ton chef, [NAME]... n'est pas un simple chef.",reviewed,Compatibilité avec la démo 0.10.5 ; source différente de la version complète.
Dialogue/VNM21_20,4cc904517be6ff2d04472bcec5e272f123e3b61605ca213bf1f6605e0bfb6a2b,"Mais maintenant, je comprends. Tu as dû demander à Faucon de devenir ton chef ! Je ne sais pas ce que tu lui as dit, mais ça doit s'arrêter maintenant !",reviewed,Compatibilité avec la démo 0.10.5 ; source différente de la version complète.
Dialogue/VNM21_21,2360d7c6a5b6fcaf1b748017815872cac4548fc5391497bc2fe029ed7fc51531,Reviens avec moi. Reviens maintenant et je veillerai à ce que l'Organisation ne te punisse pas.,reviewed,Compatibilité avec la démo 0.10.5 ; source différente de la version complète.
Dialogue/VNM21_CHOICE_2,47c1502782e020c53968a713181013aefd158908e9693d182438786e43715ec4,Je suppose que je n'ai pas le choix.,reviewed,Compatibilité avec la démo 0.10.5 ; source différente de la version complète.
Dialogue/VNM21_CHOICE_3,0a59db46b5d9019fde56dcf564a1582f6abb3003342116b565835c93a7f836de,Oui 2.,reviewed,Compatibilité avec la démo 0.10.5 ; source différente de la version complète.
Dialogue/VNM21_25,e33111da240614c1f8028015e705694fea8e2c478a47e5d1ebb849a49a35ee35,Oui... aussi ? C'est du jargon de civil ?,reviewed,Compatibilité avec la démo 0.10.5 ; source différente de la version complète.
Dialogue/VNM21_26,0b3d8def75ddbee655a5c349f85609b8f5f35839f11b562881576d54903cc3b2,"Pff, peu importe. J'ai prévu cette éventualité.",reviewed,Compatibilité avec la démo 0.10.5 ; source différente de la version complète.
Dialogue/VNM21_28,52a3a08748c64e032b4dde5173ee417bc9309b335cc640256eede8df40bc3b5b,"Si tu insistes encore à faire semblant d'être chef, j'écraserai moi-même ce rêve idiot.",reviewed,Compatibilité avec la démo 0.10.5 ; source différente de la version complète.
Dialogue/VNM21_37,71c8ff3417e9a502961abff249de74d0c62becf2de7c9690776e6bbcabb7bf18,"...Ne t'inquiète pas, je ferai toujours mon travail comme d'habitude, si tu fais le tien..",reviewed,Compatibilité avec la démo 0.10.5 ; source différente de la version complète.
Dialogue/DIALOGUE_VNM11_2,572153aba80187112c04f5d2943b319c81050d58c4dbbbd2087eb721cc8d3bb2,"J-Juste pour que tu saches, j'ai perdu parce que j'avais mal à la tête ! J'avais oublié mes chaussettes porte-bonheur ! Et--",reviewed,Compatibilité avec la démo 0.10.5 ; source différente de la version complète.
Dialogue/DIALOGUE_VNM11_7,406ff147bdf6ffa61fee2ea3dca5d778c21cd768502a0f630814c0b30b050dee,"D'accord, je reconnais que tu mérites de diriger Bakuso... pour l'instant. Ne prends pas la grosse tête !",reviewed,Compatibilité avec la démo 0.10.5 ; source différente de la version complète.
Dialogue/DIALOGUE_VNM11_10,721633e53a83d73430cac3780a6ddcdb920a7c66311db7ddf0d30098ed208ed0,Q-Quoi ? Tu es sérieux ? Quel uniforme de maid ?!,reviewed,Compatibilité avec la démo 0.10.5 ; source différente de la version complète.
Dialogue/DIALOGUE_VNM11_12,66b508b566f17151d81763ab22f415595f78a5ce15e9db70edaf62a6bb3c0df8,"C'est un peu grand pour moi, mais je pense que ça t'irait parfaitement !",reviewed,Compatibilité avec la démo 0.10.5 ; source différente de la version complète.
Dialogue/DIALOGUE_VNM11_13,5fc3be261aad393b894a043719c607f8665df37c969b05ad8a538a740cb70142,Considère ça comme un coup de main entre restaurateurs !,reviewed,Compatibilité avec la démo 0.10.5 ; source différente de la version complète.
Dialogue/DIALOGUE_VNM11_20B,d38a6ffdd0fda6f7a52fbc75dd31be5e90d5564f94339799ba9360373559bd2c,[ FLAP! RUSTLE! ZIP! ],reviewed,Compatibilité avec la démo 0.10.5 ; source différente de la version complète.
Dialogue/DIALOGUE_VNM11_22,f2afc00c93496b6fa0210d6cf812172594dba91d838cb0915e9e0700cd8b7e8c,"""Bon retour, maître ! Merci pour votre travail ! Thé, café ou bouillon ?""",reviewed,Compatibilité avec la démo 0.10.5 ; source différente de la version complète.
Dialogue/DIALOGUE_VNM11_32,7ef82269cdbea3a72e37f3a017ca980323a7188a2922dbab85c45acd6bed6dcb,"Pff, j'aime pas devenir sentimentale. Ça suffit, non ?! Je vais me changer !",reviewed,Compatibilité avec la démo 0.10.5 ; source différente de la version complète.
Dialogue/DIALOGUE_VNM11_38,37d73dcd1080eaa04bdf41eb5f69e171cde564ff592bca4fc38eac0375a57a9d,"Hum. Elles sont loin d'être aussi bonnes, mais tes boulettes me rappellent vraiment celles de ta grand-mère.",reviewed,Compatibilité avec la démo 0.10.5 ; source différente de la version complète.
Dialogue/DIALOGUE_VNM11_40,a6ce53cf320ac44833d18a255a7cabc14537a76e5d58687a57e2f14a5642ab5b,À ton tour ! Goûte mon shake à la carambole ! Tu vas en perdre tes chaussettes !,reviewed,Compatibilité avec la démo 0.10.5 ; source différente de la version complète.
Dialogue/DIALOGUE_VNM11_41,89cbd3988f2d0a2fbe8fed8805fe2373905c4b7886eff6aa1e9afccda5e88c8a,T-Tchin ? Juste tous les deux ? T'en demandes beaucoup pour un minus.,reviewed,Compatibilité avec la démo 0.10.5 ; source différente de la version complète.
Dialogue/DIALOGUE_VNM11_CHOICE_4,d09a9f3572297c227296fcacc1defe83c2ae8920ba31103eb105908b0fa9357f,Toi-même ?,reviewed,Compatibilité avec la démo 0.10.5 ; source différente de la version complète.
Dialogue/DIALOGUE_VNM11_49,0760d1dd43479ccac0c9be2683e8d4bfd56a1035ad877377d551df7bc649e147,"C'est évident que tu as beaucoup hérité de ta grand-mère. Pas seulement ce restaurant : le goût de tes plats, jusqu'à ta façon de cuisiner.",reviewed,Compatibilité avec la démo 0.10.5 ; source différente de la version complète.
Dialogue/DIALOGUE_VNM11_51,aa4b8185c0684d557ba39a6e53c9c16a8c233399b10f758996e37821d1b606c9,"Si tu lui avais rendu visite plus souvent, on aurait peut-être pu, tu sais, jouer ensemble et...",reviewed,Compatibilité avec la démo 0.10.5 ; source différente de la version complète.
Dialogue/ACTION_ENDS_NIGHT_WARNING,727d3a1ff5954826e6f01e020d6be7e8acf6dd7bf8b5caf4faf46fda6189e309,"<br>(Cette action va [COLOR=ALERT]terminer la nuit[/COLOR], voulez-vous continuer ?)",reviewed,Compatibilité avec la démo 0.10.5 ; source différente de la version complète.
Dialogue (Backup)/MAMICONTESTCHALLENGE_2,50b2286b1239ab2c3633488642a04dcd14aa0cfbce133631e86dcf30850f8fe0,"Oui ! Contente que tu te souviennes, [NAME] !",reviewed,Compatibilité avec la démo 0.10.5 ; source différente de la version complète.
Shop/IMPROVED_SKEWER_TABLE_NAME,09ad3da10bad9ec4aa7fbdbdc117a0b1cf85838c53a8e47b1871092e37d9d7fc,Gril amélioré,reviewed,Compatibilité avec la démo 0.10.5 ; source différente de la version complète.
Shop/IMPROVED_CUTTING_BOARD_NAME,983eba6ae19b4711ca4359ca2699b1bec6dc47bd886955081e6feea239691546,Planche améliorée,reviewed,Compatibilité avec la démo 0.10.5 ; source différente de la version complète.
Shop/UPGRADED_BOWL_NAME,b4ce3d6fb0346b02d4b69a53f16b4630f63d42350ad25d0b8635cf50bec58849,Grand bol,reviewed,Compatibilité avec la démo 0.10.5 ; source différente de la version complète.
Shop/IMPROVED_BOILING_POT_DESC,7792f44653cd7897bc41e3c004931be76521f192ff59c05619d84e319412443c,[COLOR=ALERT]Réduit le temps de cuisson à l'eau de 15 %.<br>Augmente la capacité de cuisson de 1.[/COLOR]<br>« Une marmite légendaire capable de faire fondre les diamants (paraît-il). »,reviewed,Compatibilité avec la démo 0.10.5 ; source différente de la version complète.
Shop/IMPROVED_FRYING_TABLE_DESC,65ff807539079e5427dc7274a2546e1d66918024f9a2be944118e8926ea398de,[COLOR=ALERT]Augmente la vitesse de friture de 25 %.<br>Augmente la capacité de la poêle de 1.[/COLOR]<br>« Un set de friture fabriqué avec une technologie interstellaire (soi-disant). »,reviewed,Compatibilité avec la démo 0.10.5 ; source différente de la version complète.
Shop/IMPROVED_SKEWER_TABLE_DESC,7cbe05080e39338132952aa97d0b7d060c19d054e115d8356affa4428b8ae391,[COLOR=ALERT]Réduit le temps de cuisson des brochettes de 15 %.[/COLOR]<br>« Un gril utilisant les flammes draconiques de l'âge des légendes (prétendument). »,reviewed,Compatibilité avec la démo 0.10.5 ; source différente de la version complète.
Shop/IMPROVED_CUTTING_BOARD_DESC,72efa70ef239dfe7e61012910654b8503bec71512ead4cdd14406aeb1fe27ce7,[COLOR=ALERT]Augmente la capacité de la table de découpe de 1.[/COLOR]<br>« Un set de découpe capable de trancher le temps et le destin (à ce qu'il paraît). »,reviewed,Compatibilité avec la démo 0.10.5 ; source différente de la version complète.
Shop/IMPROVED_KITCHEN_SINK_DESC,0fcb7ed83ee70cf4fe2ac876b590634a14c4296a8f9c9df2d059d6974786383d,[COLOR=ALERT]Réduit le temps de lavage de 25 %[/COLOR]<br>« Un évier récupéré dans la cité engloutie d'Atlantide (en théorie). »,reviewed,Compatibilité avec la démo 0.10.5 ; source différente de la version complète.
Shop/EXTRA_BOWL_DESC,6f91eaf9b96ec840080b185f890f402a663924f38e2e1391f5c8caef2b2efc13,[COLOR=ALERT]Augmente le nombre de bols.[/COLOR]<br>« Qui aurait cru qu'un restaurant nécessiterait plus de deux bols ? »,reviewed,Compatibilité avec la démo 0.10.5 ; source différente de la version complète.
Shop/EXTRA_SKEWER_PLATE_DESC,f643de7299c3ff5d88ace09e4bd6e1dd5a0bacdafdfcd0527203fb4631612048,[COLOR=ALERT]Augmente le nombre d'assiettes à brochettes.[/COLOR]<br>« Conçue pour tenir toute brochette avec style et dignité. »,reviewed,Compatibilité avec la démo 0.10.5 ; source différente de la version complète.
Shop/EXTRA_DRINK_CUP_DESC,2e825904ae0a67256b2893733c8fb67732578ad1eab907aba1c7c69bd6aec609,"[COLOR=ALERT]Augmente le nombre de gobelets.[/COLOR]<br>« Rien qu'à la regarder, vous vous sentez déjà hydraté. »",reviewed,Compatibilité avec la démo 0.10.5 ; source différente de la version complète.
Shop/IMPROVED_DRINK_TABLE_DESC,3d74f216e551a6b01c42ec833b0e3ef3f00dd8657d952689c87d4196b6ebeb28,[COLOR=ALERT]Augmente la vitesse de remplissage de 15 %.[/COLOR]<br>« Une table qui transforme le désert en forêt tropicale (peut-être). »,reviewed,Compatibilité avec la démo 0.10.5 ; source différente de la version complète.
Shop/FAN_DESC,4b13d6b1544474fb16c87d675b788772b01ffe08785e2af1dc1e167f1eca8e53,[COLOR=ALERT]Augmente la patience des clients de 20 %.[/COLOR]<br>,reviewed,Compatibilité avec la démo 0.10.5 ; source différente de la version complète.
Shop/CAT_STATUE_DESC,0d2535d8551d7cd401954be20079abf0e3045f37f898fd2f56778e188777f89c,[COLOR=ALERT]Augmente les pourboires des clients de 5 %.[/COLOR],reviewed,Compatibilité avec la démo 0.10.5 ; source différente de la version complète.
Shop/IMPROVED_CASHIER_TABLE_DESC,bba6f304ec0963a73993cd94d13e807bf37eb8931f97e70a9f9ca13de76f3194,[COLOR=ALERT]Augmente de 1 le nombre de clients.[/COLOR],reviewed,Compatibilité avec la démo 0.10.5 ; source différente de la version complète.
Shop/IMPROVED_TRASH_BIN_DESC,b087dae9ed7c6a8a3e18f50699f3cc7fd41a7224c0e6b5992109ca198447dc91,"[COLOR=ALERT]Augmente de 15 % la valeur de remboursement des plats.[/COLOR]<br>« Une poubelle mythique qui contient les maux du monde, mais aussi l'espoir (c'est ce qu'on dit). »",reviewed,Compatibilité avec la démo 0.10.5 ; source différente de la version complète.
Shop/SHOP_INGREDIENT_NOODLES_DESC,765b9decdb43302d79327d3a9f4de4010c4dfb9d38df6627124340d4bc295782,Ingrédient pour la table de cuisson à l'eau.<br>« Les nouilles les plus faciles à slurper. Parfaites avec les boulettes. »,reviewed,Compatibilité avec la démo 0.10.5 ; source différente de la version complète.
Shop/SHOP_INGREDIENT_VERMICELLI_DESC,8a1628b3106968e4b3783dff7377f70526fd5be63e8d9978484231b8e0c047cd,"Ingrédient pour la table de cuisson à l'eau.<br>« Et si le riz était nouilles et les nouilles, riz ? »",reviewed,Compatibilité avec la démo 0.10.5 ; source différente de la version complète.
Shop/SHOP_INGREDIENT_SPICYTEMPEH_DESC,579fa4fbe1221a3df5631fac0a28ae7c4a488968a4f1c90d34fe919f0e847c16,Ingrédient pour la table de friture. Rend le plat plus [COLOR=SPICY]épicé[/COLOR] et moins [COLOR=SWEET]sucré[/COLOR]. <br>« Un gâteau de soja fermenté plein de protéines et de saveur. »,reviewed,Compatibilité avec la démo 0.10.5 ; source différente de la version complète.
Shop/SHOP_INGREDIENT_SKEWER_MUSHROOM_DESC,1184e01ccece9a63ef7b61f183dc3e536456eee6b09d96dd183da950da7c36f3,Ingrédient pour la table à brochettes.<br>« Ils portent de petits chapeaux. Savoureux et élégants ! »,reviewed,Compatibilité avec la démo 0.10.5 ; source différente de la version complète.
Shop/SHOP_INGREDIENT_SKEWER_TOMATO_DESC,bae5adc6de956994de93eff6f64278cf8f08f731f928f850380f7e11b7718844,"Ingrédient pour la table à brochettes.<br>« Ronde, rouge et mûre à point. Pourtant, elle n'est pas faite pour être lancée. »",reviewed,Compatibilité avec la démo 0.10.5 ; source différente de la version complète.
Shop/SHOP_INGREDIENT_SKEWER_LAMB_DESC,ea321c6fbb1f060e76d846139e893fd99a134eef29ec0b0719037229ed57a036,Ingrédient pour la table à brochettes.<br>« Célèbre pour son silence. »,reviewed,Compatibilité avec la démo 0.10.5 ; source différente de la version complète.
Shop/SHOP_INGREDIENT_GARLIC_DESC,5d65c413d471005b2c64590678e401b5f967eb24aebbd6086ad2afe3baa02c95,Ingrédient pour la table de découpe. Rend le plat plus [COLOR=SPICY]épicé[/COLOR] et moins [COLOR=SOUR]acide[/COLOR].<br>« En manger vous immunise contre le vampirisme. »,reviewed,Compatibilité avec la démo 0.10.5 ; source différente de la version complète.
Shop/SHOP_SIDEDISH_RICE_DESC,629a4e61444d65180df80858993d66bf2da9be8069c8e76d9009c6a1bd7eebad,"Outil d'assaisonnement. [/COLOR]Cuit du riz en accompagnement.[/COLOR]<br>« Deux fois plus de glucides, deux fois plus de plaisir ! »",reviewed,Compatibilité avec la démo 0.10.5 ; source différente de la version complète.
Shop/SHOP_DRINK_ICE_DESC,71c939927e4c2a86164705761ef37c4ab107de2c124b7be0883fab8a10671f41,[COLOR=ALERT]Ajoute des glaçons en accompagnement pour la table à boissons.[/COLOR]<br>« Issus des icebergs les plus purs. »,reviewed,Compatibilité avec la démo 0.10.5 ; source différente de la version complète.
Shop/SHOP_INGREDIENT_SKEWER_OCTOPUS_DESC,bdc0060c5b44c3cc00f53c6885a7f7082e5f156e3488c9d63db4fdaaed2bfc33,Ingrédient pour la table à brochettes.<br>« Ils attendent en rêvant au fond de la mer. »,reviewed,Compatibilité avec la démo 0.10.5 ; source différente de la version complète.
Shop/SHOP_INGREDIENT_DUMPLING_DESC,9d59d3eb6dea0fdc474a63e2fa100e3c0f5df16347b6ccecffa8fef614dce15e,Ingrédient pour la table de cuisson à l'eau. Rend le plat plus [COLOR=SOUR]acide[/COLOR].<br>« De petites poches de bonheur juteux. »,reviewed,Compatibilité avec la démo 0.10.5 ; source différente de la version complète.
Shop/SHOP_INGREDIENT_WHITETOFU_DESC,4f836a11f0de9f9b01eb9633bbc1d591f092bc743eabdd879e0ba694bcbe2a57,"Ingrédient pour la table de cuisson à l'eau. Rend le plat moins [COLOR=SALTY]salé[/COLOR] et moins [COLOR=SOUR]acide[/COLOR].<br>« Blanc, tendre et délicieusement fade. »",reviewed,Compatibilité avec la démo 0.10.5 ; source différente de la version complète.
Shop/SHOP_PREMIUM_INGREDIENT_SKEWER_MUSHROOM_DESC,e90e6f4334d578bb0a98a5ccca2dd380651177cbafcb533d25fb8655c242f9aa,"Champignon premium pour la table de friture.<br>""Des champignons délicieux et aromatiques. Ils ne poussent qu'une fois l'an au fond des jungles.""",reviewed,Compatibilité avec la démo 0.10.5 ; source différente de la version complète.
Shop/SHOP_PREMIUM_INGREDIENT_SKEWER_TOMATO_DESC,8e5c877cffac3b16b5f9f3c0251f722ad907d84c3d7204752b8665f9be0a6ab8,"Tomate premium pour la table de friture.<br>""Des tomates anciennes primées, cultivées par une famille de fermiers depuis le VIIIe siècle av. J.-C.""",reviewed,Compatibilité avec la démo 0.10.5 ; source différente de la version complète.
Shop/SHOP_PREMIUM_INGREDIENT_SKEWER_LAMB_DESC,4436f9acba900ce022bc51915b2c8d612da2b8520ac988e575ed0ee06b3d27a7,"Agneau premium pour la table de friture.<br>""Juteux et fumé au grill, c'est un délice même sans accompagnement.""",reviewed,Compatibilité avec la démo 0.10.5 ; source différente de la version complète.
Shop/SHOP_PREMIUM_INGREDIENT_SKEWER_OCTOPUS_DESC,dadc45f753c70250a56420003433b2466c7f5f493de5fdea72c5eb394937b370,"Poulpe premium pour la table des brochettes.<br>""Des poulpes délicieux mais glissants, qui exigent des années de préparation et un chauffeur pour s'échapper.""",reviewed,Compatibilité avec la démo 0.10.5 ; source différente de la version complète.
Shop/SHOP_DININGDECORATION_DININGTABLE_DESC,523a3088a1ae43d82e801dfb5f56c79d6674e49c5b51e124617b7531de0e49df,"Décoration pour la salle. [COLOR=ALERT]Augmente les pourboires de [X][/COLOR].<br>""Pour manger, faire ses devoirs et papoter.""",reviewed,Compatibilité avec la démo 0.10.5 ; source différente de la version complète.
Shop/SHOP_DININGDECORATION_CABINET_DESC,61b11cb8267651928b431b2fdf5b667ccb48fad011c894ff2aeb17c5a3b8da0c,"Décoration pour la salle. [COLOR=ALERT]Réduit le coût des ingrédients de [X][/COLOR].<br>""Peut contenir tous les bidules, trucs et machins.""",reviewed,Compatibilité avec la démo 0.10.5 ; source différente de la version complète.
Shop/SHOP_DININGDECORATION_CEILING_FAN_DESC,241b5f3c1ce123ac7da886a7773e78a38047455a5b27205c74694b6ab36708a6,"Décoration pour la salle. [COLOR=ALERT]Augmente le bénéfice de base de [X] pièces[/COLOR].<br>""Un ajout fan-tastique à tout restaurant.""",reviewed,Compatibilité avec la démo 0.10.5 ; source différente de la version complète.
Shop/SHOP_DININGDECORATION_CEILING_LAMP_DESC,9153683bce5d611b89db040158b2871c906736b79169d0cc4c022de996dda7b8,"Décoration pour la salle. [COLOR=ALERT]Augmente le gain de réputation de [X][/COLOR].<br>""Illuminez votre journée ! Ou au moins vos plats.""",reviewed,Compatibilité avec la démo 0.10.5 ; source différente de la version complète.
Shop/SHOP_DININGDECORATION_WALLDECORATION_DESC,85d0c7628f0b752b5e6d51fd45bbaceae4cc17c2266ae038e91c4a97d669d98b,"Décoration pour la salle. [COLOR=ALERT]Augmente le gain d'amitié de [X].[/COLOR]<br>""Un tableau illustrant les espoirs et rêves les plus chers de l'artiste.""",reviewed,Compatibilité avec la démo 0.10.5 ; source différente de la version complète.
Shop/SHOP_DININGDECORATION_TOP_WALL_DECORATION_DESC,dcc01e128242f92e33f0c8e35c053f79457166064a4fc2fc852a3315e54ea878,"[COLOR=ALERT]Augmente les vouchers gagnés lors des duels culinaires de [X].[/COLOR]<br>""C'est ce que regardaient les ancêtres avant les smartphones.""",reviewed,Compatibilité avec la démo 0.10.5 ; source différente de la version complète.
Shop/SHOP_DININGDECORATION_CLOCK_DESC,7dfd10ad42e2cdb68cfc9df086e9cc8dfdc5e864ef27322d143d6ae90ad2821c,"Décoration pour la salle. [COLOR=ALERT]Augmente les pièces gagnées par commande de [X].[/COLOR]<br>""Rappelez à vos clients que le temps passe inexorablement !""",reviewed,Compatibilité avec la démo 0.10.5 ; source différente de la version complète.
Shop/SHOP_CASHIERDECORATION_CASHREGISTER_DESC,30544b45c8c1004aa355f6143704357b5e8d5785ccfefb23b69c664639ee09ac,"Décoration pour la caisse. [COLOR=ALERT]Augmente le bénéfice de base de [X] pièces[/COLOR].<br>""Parfaite pour garder l'argent des autres !""",reviewed,Compatibilité avec la démo 0.10.5 ; source différente de la version complète.
Shop/SHOP_CASHIERDECORATION_LUCKYCAT_DESC,df96e716b7edd6a70c31c47a4e1425b3713959ecba86f72104473aaa6ba560dd,"Décoration pour la caisse. [COLOR=ALERT]Augmente le nombre de clients de 1[/COLOR].<br>""Une adorable statuette qui attire les clients grâce à sa mignonnerie.""",reviewed,Compatibilité avec la démo 0.10.5 ; source différente de la version complète.
Shop/SHOP_CASHIERDECORATION_TABLEFAN_DESC,2cae9505cdd056a1639fc7d3141bf31838305681eb3607123a63221cabc1e6e7,"Décoration pour la caisse. [COLOR=ALERT]Augmente les pourboires de [X].[/COLOR]<br>""Aide la personne en caisse à garder son sang-froid face aux clients échauffés.""",reviewed,Compatibilité avec la démo 0.10.5 ; source différente de la version complète.
Contest/CLIPBOARD_APPLAUSE_BONUS,5198efbd072e221c4f50d91d56ee0c421e9dc22dc9fc02cefb973878b4e7330a,[X] : [Y] point bonus.,reviewed,Compatibilité avec la démo 0.10.5 ; source différente de la version complète.
Contest/CROWD_BONUSPOINT,b1903f6146f4d211d2f6756c480ccad20e624c9408fa1a61ca0da8d47551003a,Point bonus.,reviewed,Compatibilité avec la démo 0.10.5 ; source différente de la version complète.
Contest/MODIFIER_POSITIVE_1,756c97f1fa1cffd6717dab6fc2ea6e3576ee34ccf1bdeed22acc797885682b09,Gagnez 1 point d'action au premier tour.,reviewed,Compatibilité avec la démo 0.10.5 ; source différente de la version complète.
Contest/MODIFIER_POSITIVE_9,8434e912a1d6d1d017cdd59c502801446f3a904d9d7373097cb9223f9ea1a28e,Finir un mini-jeu augmente la jauge de foule de 15 (une fois par tour).,reviewed,Compatibilité avec la démo 0.10.5 ; source différente de la version complète.
Contest/MODIFIER_NO_MINIGAME_APPLAUSE,4449cc3d6c93d43113a8b9e5fe57762f1d2b5bdf3d16cf3d648146c9c384990b,Finir parfaitement un mini-jeu n'augmente pas la jauge de foule.,reviewed,Compatibilité avec la démo 0.10.5 ; source différente de la version complète.
Contest/CONTEST_SUMMARY_BODY_LOSE_START_3,6eb5aa51f5be21a5d37ca1890cf37b9b2cbb5b3b55892a3648623ab78dd569cd,Les gourmets de KuloNiku sont restés bouche bée devant l'amère défaite de [NAME] face à [OPPONENT] lors du duel culinaire de ce jour.,reviewed,Compatibilité avec la démo 0.10.5 ; source différente de la version complète.
Contest/CONTEST_SUMMARY_BODY_LOSE_END_1,9d0048b72439fc9a98bd77e8bd67d0e5adad6ffce086fb760f2e6abc8f64b111,"Interrogé, le chef perdant se serait mis en boule avant de rouler loin de notre journaliste, en sanglotant.",reviewed,Compatibilité avec la démo 0.10.5 ; source différente de la version complète.
Recipe/RECIPE_SKEWER_TIDALSKEWER,812bde5eacf7feb6f65a9e829548c142b446c86a910e847eff3d487e8d18ace9,Brochette à croquer,reviewed,Compatibilité avec la démo 0.10.5 ; source différente de la version complète.
Recipe/RECIPE_BOWL_CLASSICBOWL_1,ccd0719d9acdcb29e4d939dceac28beff634fc63c960d5b6b270f3a22dbc20eb,Bol classique amélioré,reviewed,Compatibilité avec la démo 0.10.5 ; source différente de la version complète.
Recipe/RECIPE_BOWL_MEATBALLTWIST_1,f47bdf3aefb4f6572a6f3a5d7d049a5c150c60dfd4aa0a9c1f411ae727b99e04,Boulettes revisitées améliorées,reviewed,Compatibilité avec la démo 0.10.5 ; source différente de la version complète.
Recipe/RECIPE_BOWL_NOODLESDELIGHT_1,dc01d2aed5a21761cf0c17b9357dc59bee725dae395c9aaad98ed2b659b245da,Délice de nouilles amélioré,reviewed,Compatibilité avec la démo 0.10.5 ; source différente de la version complète.
Recipe/RECIPE_BOWL_NOODLESDELIGHT_2,842140e7583a5711d8ca84ae7dd0a4fab54c29131d7f779579315257ea6e0b85,Délice de nouilles suprême,reviewed,Compatibilité avec la démo 0.10.5 ; source différente de la version complète.
Recipe/RECIPE_BOWL_ZESTYNOODLES_1,4b0043139b43c94ce131196edf80c516affc4457b3fdbb3df39e5a83d2fc7ac8,Nouilles relevées Plus,reviewed,Compatibilité avec la démo 0.10.5 ; source différente de la version complète.
Recipe/RECIPE_BOWL_DUMPLINGSOUP_1,9baff618bae9b58c3247891b96e4816d3a71e1f83ea233cdd4116542194c006d,Soupe aux raviolis améliorée,reviewed,Compatibilité avec la démo 0.10.5 ; source différente de la version complète.
Recipe/RECIPE_BOWL_VERMICELLISOUP_1,997dd082f4aee520af4f2e3bd9bb3345e2c460fd5c3614335515d786709a5b32,Soupe de vermicelles améliorée,reviewed,Compatibilité avec la démo 0.10.5 ; source différente de la version complète.
Recipe/RECIPE_BOWL_TOFUSOUP_1,bd39f6a394ff1f29136355cdd23449abdc5142ace84fac1a98d5dab1fe6c2afd,Soupe au tofu améliorée,reviewed,Compatibilité avec la démo 0.10.5 ; source différente de la version complète.
Recipe/RECIPE_BOWL_CHICKENSOUP_1,a7fa153dab1568e6d94412e818fb168250ba3e9c1910d7d8e7c60bacce41a14d,Soupe au poulet améliorée,reviewed,Compatibilité avec la démo 0.10.5 ; source différente de la version complète.
Recipe/RECIPE_BOWL_TENDONSOUP_1,b7b3caa396c2755cb05ba7f3f86a9f1a6fed84dc61cd80223fe8fe87634b5af1,Soupe aux tendons améliorée,reviewed,Compatibilité avec la démo 0.10.5 ; source différente de la version complète.
Recipe/RECIPE_BOWL_FISHCAKESOUP_1,00ef4188e0099df2ce76516c14590f51382d35b4935e6af11281fbdf42783a49,Soupe au narutomaki spécial,reviewed,Compatibilité avec la démo 0.10.5 ; source différente de la version complète.
Recipe/RECIPE_BOWL_CHICKENDELIGHT_0,e906857eb1912ba03d37bfce63025a7332d067b8779183dc283988548353b872,Nouilles au poulet épicées,reviewed,Compatibilité avec la démo 0.10.5 ; source différente de la version complète.
Recipe/RECIPE_BOWL_CHICKENDELIGHT_1,e7b58e0833252063b8849f881fb4f8ea2e7e6453802c3c3fc17b874439fba76b,Nouilles au poulet épicées améliorées,reviewed,Compatibilité avec la démo 0.10.5 ; source différente de la version complète.
Recipe/RECIPE_BOWL_CHICKENDELIGHT_2,34cb82f549f6c9dfc2fb22ce4533a1af5b241e2f769edf7e5ba09aa4cdfd4d2e,Nouilles au poulet épicées suprêmes,reviewed,Compatibilité avec la démo 0.10.5 ; source différente de la version complète.
Festival/FESTIVAL_REMAINING_DAY,13968ba279c311fcc5ede3a4ae299aa75ad3b56dfe504a3bdadbc9a244b573e7,Festival demain !,reviewed,Compatibilité avec la démo 0.10.5 ; source différente de la version complète.
Festival/DESC_FES_SPICE_MANIA,430fc8cb9a04ed8e08129b2c230f907abec172b842297631768240a7d44fb126,Au moins 2 ingrédients de la table d'assaisonnement par commande.,reviewed,Compatibilité avec la démo 0.10.5 ; source différente de la version complète.
Objective/TITLE_CRAFT_RECIPE,17d804af0e3869a40e692e087664132525cf6b15abda95e9ddb61169f49810b6,Ajouter [X] plats au menu,reviewed,Compatibilité avec la démo 0.10.5 ; source différente de la version complète.
Objective/TITLE_PURCHASE_DECOR_SLOT,ae81e9e4a35872b59f6e3b2a8d390165ae37c8f2cf223801470a58b1cd3fb61e,Obtenir [X] décorations,reviewed,Compatibilité avec la démo 0.10.5 ; source différente de la version complète.
Objective/TITLE_PURCHASE_INGREDIENT,e9503216e3713b341f264422ce0a1ea0a75f1f2a509a5635beb701a1a8e67112,Obtenir [X] ingrédients,reviewed,Compatibilité avec la démo 0.10.5 ; source différente de la version complète.
Objective/TITLE_PURCHASE_TOOLS_UPGRADE,91171b0b95544abe4c9927df06f3a487777ef870042cb3cad4e6811e6d6d57d5,Améliorer [X] outils,reviewed,Compatibilité avec la démo 0.10.5 ; source différente de la version complète.
Objective/TITLE_PURCHASE_DECOR_SKIN,374cd5c7f0d9a85595173c14d1beaf7ee1ae2422bfbbe5f3494165451eb1a639,Débloquer [X] modèles de déco,reviewed,Compatibilité avec la démo 0.10.5 ; source différente de la version complète.
Tutorial/REPUTATION_2,ec82b760433944a074e3ee831afc08c1d87b00ad8f4660935295080fb456f749,"Plus nos plats et notre service sont bons, plus la [COLOR=ALERT]jauge de réputation[/COLOR] de Bakuso augmente vite. Une fois pleine, les clients satisfaits nous donnent des [COLOR=ALERT]pourboires supplémentaires[/COLOR] !",reviewed,Compatibilité avec la démo 0.10.5 ; source différente de la version complète.
Tutorial/REPUTATION_3,8ce8ab4c9f3684ef095436b92234a4ca3caebf01fdb0f2731f7c92977ae1d14a,"Il existe ici un moyen spécial d'augmenter notre [COLOR=ALERT]niveau de réputation[/COLOR] ! Pour être le meilleur restaurant, enquêtons.",reviewed,Compatibilité avec la démo 0.10.5 ; source différente de la version complète.
Tutorial/,3cc53684e330e10a43e0fa0288e613bc63eab3f1c11f48e14940cdba02e99469,"Il existe plein de façons d'obtenir un bon score, alors essaie différentes approches. Mais surtout, amuse-toi !",reviewed,Compatibilité avec la démo 0.10.5 ; source différente de la version complète.
Tutorial/GPD2_3,fc4ee51b2ddee15776e39c9416452e4bd2d0e2e5abd1df8a52716984de7baf40,Clique sur le sol pour voir les [COLOR=ALERT]modèles[/COLOR] disponibles.,reviewed,Compatibilité avec la démo 0.10.5 ; source différente de la version complète.
Tutorial/GPD2_4,795406074f835b2c2c9fa88559d4205fa00b5d9d627c422b2360fee54b71ea5e,"Maintiens le clic sur un nouveau sol pour le déverrouiller. Celui-ci est gratuit, mais tu peux acheter d’autres [COLOR=ALERT]modèles[/COLOR].",reviewed,Compatibilité avec la démo 0.10.5 ; source différente de la version complète.
Tutorial/GPD4_1,9e657eba4abcc54bb9adfc019ff368c6c39e99428b033d8ccce94248baf6db88,"Oh, tu viens d’acheter un objet de décoration. Génial !",reviewed,Compatibilité avec la démo 0.10.5 ; source différente de la version complète.
Tutorial/GPD4_2,a9a1242a3a08e43bbe7a68a9bd0065ffcacd8bfa00f99fcbe456f7f04f5f818d,"Selon l’objet, tu le trouveras déjà installé à la caisse ou dans la salle.",reviewed,Compatibilité avec la démo 0.10.5 ; source différente de la version complète.
Tutorial/GPD4_3,190e964be2ccac7f201341a014b15861a4fed1062d01be0225b230e0d45754fb,"Un sacré service après-vente, non ? Ne leur demande pas comment ils entrent dans Bakuso sans les clés.",reviewed,Compatibilité avec la démo 0.10.5 ; source différente de la version complète.
Tutorial/COOKING_UI_NAVIGATION,f27dd90dd29b6029520b34f392173b1e2aa72477b1798e411e1b7b2dbd6fabc8,"Et clique ici pour aller vite à n’importe quelle table. <nobr>À toi de jouer, [NAME] !</nobr>",reviewed,Compatibilité avec la démo 0.10.5 ; source différente de la version complète.
Tutorial/CONTEST_T1_1C_ACTIONINTRO,a8fbddeb21e6ddf97e71ad1301169b87af81c823168088f3d5df3f83c462450d,Ajouter un ingrédient coûte [COLOR=ALERT]un point d’action[/COLOR]. Consulte ici tes points d’action restants pour ce tour !,reviewed,Compatibilité avec la démo 0.10.5 ; source différente de la version complète.
Tutorial/CONTEST_T1_2B_CLOSEBRAWLINFO,f8215467b36a48e861efede3ffcc409a0ebe5c8a0f28e180ca18f7dafe77cd5b,Voici les [COLOR=ALERT]ingrédients bonus de score[/COLOR] du duel. Utilise-les pour obtenir une bonne note du jury. Ferme les notes.,reviewed,Compatibilité avec la démo 0.10.5 ; source différente de la version complète.
Tutorial/CONTEST_T1_3A_MINIGAME_SELECTNONLIKEDINGREDIENT,fc4c6bd801c18918aab332d1b203e5e5b9feb5e33dfb1133d7534f4022d8960b,"Les nouilles sont des ingrédients bonus de score, alors ajoutons-les. Attention, la marmite ici a une plus petite capacité.",reviewed,Compatibilité avec la démo 0.10.5 ; source différente de la version complète.
Tutorial/CONTEST_T1_4A_HEARTEXPLANATION,77b9042190b230cdf07fae1f8bd40e9015587db7d1c386448093400634a54c85,Bien joué. Les nouilles sont des ingrédients bonus de score : tu as donc fait plaisir à tout le jury !,reviewed,Compatibilité avec la démo 0.10.5 ; source différente de la version complète.
Tutorial/CONTEST_T1_5B_MINIGAME_STARTMINIGAME,d44d37ed6126acfd6def361c7084401565c8c3252f627b5e2b98441c55fbf1d4,Ferme ensuite le couvercle pour relancer le [COLOR=ALERT]mini-jeu[/COLOR] de cuisson. Tu y arriveras !,reviewed,Compatibilité avec la démo 0.10.5 ; source différente de la version complète.
Tutorial/CONTEST_T1_5F_MINIGAME_JUDGEPREF,e5d5d37971598d5f55224865d4ee5f6b1d269ca8af6a8970b97c529301cc7b69,Les juges ont des goûts et des dégoûts différents : les ingrédients donnent donc des résultats différents.,reviewed,Compatibilité avec la démo 0.10.5 ; source différente de la version complète.
Tutorial/CONTEST_T2_1_CROWDCHAININTRO,5fb88c1dfb6080c31216d46ea821dda6ae9e9b8ad41341fd67e8492099a9b0e9,"Pour plus d’ambiance, il y a aussi une [COLOR=ALERT]jauge du public[/COLOR] ! Si tu la remplis, chaque juge te donne un point de plus.",reviewed,Compatibilité avec la démo 0.10.5 ; source différente de la version complète.
Tutorial/CONTEST_T2_4_CHAINEXPLANATION,f0de217e77b35f13b98675e84f4b668e7d672d2fead5413a77b5b34a87514d24,Tu peux aussi l’augmenter en satisfaisant la [COLOR=ALERT]demande du public[/COLOR]. La demande actuelle est affichée ici.,reviewed,Compatibilité avec la démo 0.10.5 ; source différente de la version complète.
Tutorial/CONTEST_T2_6_APPLAUSEBONUSEXPLANATION,9e2db3ee6c2cc8ca19bc9c527965ba2480f321ed632caadc1eb1f7168f191324,"Super ! Satisfaire la demande du public a augmenté la [COLOR=ALERT]jauge du public[/COLOR]. Le mini-jeu était parfait aussi, alors elle a encore plus monté !",reviewed,Compatibilité avec la démo 0.10.5 ; source différente de la version complète.
Tutorial/CONTEST_T2_8B_BONUSPOINTEXPLANATION,17778ed9a2072a96c604c55a48f61e3cf4d9d0f51c3117b741650d4d588103ef,Youpi ! J'ai rempli la [COLOR=ALERT]jauge du public[/COLOR] ! M. Crois est aussi ravi par l'ambiance ! Sa note pour moi [COLOR=ALERT]augmente[/COLOR] !,reviewed,Compatibilité avec la démo 0.10.5 ; source différente de la version complète.
Tutorial/CONTEST_T2_8C_SHAREDCROWDEXPLANATION,489898a7667f558285a7c4e4fba3a3a98c833a4313a948db889f20278301fb07,C'est parce que la jauge du public est [COLOR=ALERT]partagée entre les concurrents[/COLOR]. Celui qui la remplit obtient les points bonus de chaque juge.,reviewed,Compatibilité avec la démo 0.10.5 ; source différente de la version complète.
Tutorial/CONTEST_T3_1_CHAINRESETEXPLANATION,cdb5fbb5fb3da7ca1aee60cfa71a8a7691cb534027c8747be9f477928e29830b,"Regarde ! La [COLOR=ALERT]demande du public[/COLOR] a changé. Elle change à chaque tour, pense à la vérifier régulièrement.",reviewed,Compatibilité avec la démo 0.10.5 ; source différente de la version complète.
Tutorial/CONTEST_T3_2_FREECOOKING,ff5181d083072576b34938235d586697edf71dd15213f3f206846a44970eba01,"C’est tout ! Pour un bon score, ajoute les [COLOR=ALERT]ingrédients demandés[/COLOR], suis les [COLOR=ALERT]préférences des juges[/COLOR] et essaie de remplir la [COLOR=ALERT]jauge du public[/COLOR].",reviewed,Compatibilité avec la démo 0.10.5 ; source différente de la version complète.
Tutorial/CONTEST_T3_3_SCORINGEXPLANATION,38777f491ef486d88473b089ab8c0ca778de05ec7088f775e41619199cb4b287,Ton score final est la somme des notes du jury. N’oublie pas qu’un duel peut compter plusieurs juges.,reviewed,Compatibilité avec la démo 0.10.5 ; source différente de la version complète.
Tutorial/GPN1B_1,57049848203670fee3c8d812698215f5fb539f56d7584549a13efb5ce70e2ced,"À Kuloniku, nous aimons nous promener le soir. Tu peux faire pareil !",reviewed,Compatibilité avec la démo 0.10.5 ; source différente de la version complète.
Tutorial/GPN1B_4,ad0b86e078ff81afb3341990460364ee9343fb0cc59684a9350652d3eebf9880,"C’est là que tu loges, non ? Sélectionne le bâtiment pour passer la nuit.",reviewed,Compatibilité avec la démo 0.10.5 ; source différente de la version complète.
Tutorial/GPN1B_6,ca6abceae7182584659ac2a2f1b8a4b64b53c2e3fdd3586fe996e93e0b6ded7b,"Tu peux aussi aller ici pour visiter le centre-ville ! Allez, allons voir !",reviewed,Compatibilité avec la démo 0.10.5 ; source différente de la version complète.
Tutorial/GPR1_1,61aa11cac3ce69bda4b407e7878650b5f6848648a43d4a4749571b6dc684fb25,"Oh, un ensemble de poêles ! Bien plus simple que celui de l'école, mais il fera tout aussi bien l'affaire.",reviewed,Compatibilité avec la démo 0.10.5 ; source différente de la version complète.
Tutorial/GPR1_5_1,0354380c10e1de12626eb1faf6448c9822c8018835b6bf24699d70219ffe7799,Tu peux cuire plus vite en retournant les ingrédients. Clique sur la poêle pour commencer.,reviewed,Compatibilité avec la démo 0.10.5 ; source différente de la version complète.
Tutorial/GPR1_5_2,28bfe5b55f88458f14014072b05ef45d1258eb2d6aac4064798856c1b7de2d7a,Clique pour retourner tous les ingrédients dans la poêle.,reviewed,Compatibilité avec la démo 0.10.5 ; source différente de la version complète.
Tutorial/GPR1_5,c74ec9c5f54b2c929d8bf0c6326d9ffbaa71caf4884adc2bc14a98c58957d89a,Attends que l'ingrédient cuise et que le cercle soit tout vert.,reviewed,Compatibilité avec la démo 0.10.5 ; source différente de la version complète.
Tutorial/GPR2_4,40bb400a10b7dc2d3dcb81af579f8a874eededb30ce2f0d8c553ba5bd97cf1f8,Grille chaque ingrédient au chalumeau jusqu'à cuisson.,reviewed,Compatibilité avec la démo 0.10.5 ; source différente de la version complète.
Tutorial/GPR2_7,9e05692485846f9fe46aff7a323e2e3be13d9b032a32d528b8cb76ce245b8acc,Clique sur la brochette pour la mettre au plat.,reviewed,Compatibilité avec la démo 0.10.5 ; source différente de la version complète.
Tutorial/GPL6_1,03af88e9c23f67fa1c9f303b20b5b11b62f4ea202af12e4d382356d02ada1ffd,"Oh, Noka vient de commander un plat avec des [COLOR=ALERT]légumes[/COLOR].",reviewed,Compatibilité avec la démo 0.10.5 ; source différente de la version complète.
Tutorial/GPL6_3,840ccf6ac20ec0ce9d7e27cb31d200579f5db94fc16b2c8f847d8f67f2c852b5,"Autrement dit, si on veut des [COLOR=ALERT]légumes[/COLOR], tu peux mettre N'IMPORTE QUEL ingrédient de la catégorie [COLOR=ALERT]légumes[/COLOR] !",reviewed,Compatibilité avec la démo 0.10.5 ; source différente de la version complète.
Tutorial/GPL6_5,773dcd2b2cb3a4c4e5e002207438c60e432d96c474f3cc6fc0370df0ce124b53,J'ai noté les ingrédients viande et légumes pour toi ! Referme le livre quand tu as fini.,reviewed,Compatibilité avec la démo 0.10.5 ; source différente de la version complète.
Tutorial/GPL6_6,1a28cb3bc11045173a4b6339600cd86e3ede719075cb844b6cd7405e5fba1eaa,"Et voilà. Prépare maintenant le plat comme d'habitude, [NAME].",reviewed,Compatibilité avec la démo 0.10.5 ; source différente de la version complète.
Tutorial/GPC2_3,ac50e9ad23675c29246c5f8b7d430b7c38b64e6392d0316f08429f7c5b20f3cb,Clique ensuite ici pour lancer le mini-jeu. ,reviewed,Compatibilité avec la démo 0.10.5 ; source différente de la version complète.
Tutorial/GPB13_1,32cc8e3356229e172b4c312e2528e537c1ba3971ee7548ed839669f0b5338bf7,Tu peux maintenant choisir un·e [COLOR=PARTNER]partenaire de duel[/COLOR] !,reviewed,Compatibilité avec la démo 0.10.5 ; source différente de la version complète.
Tutorial/GPB13_2,1b4f5fdfa9014871427a6f1781f0c6f803dad61c4b600e39cd3f3ace3a17fd9b,Chaque partenaire de duel a des [COLOR=PARTNER]compétences[/COLOR] différentes. Choisis la bonne personne pour chaque duel.,reviewed,Compatibilité avec la démo 0.10.5 ; source différente de la version complète.
Tutorial/GPB13_3,fe9a1f61013298d03a3f83654644f56236bf86d52ec0a72e9d0a2b59dff0de51,"Pour utiliser nos compétences, notre [COLOR=PARTNER]jauge de motivation[/COLOR] doit être pleine. Sans motivation, on ne peut pas faire grand-chose !",reviewed,Compatibilité avec la démo 0.10.5 ; source différente de la version complète.
Tutorial/GPB13_4,4ccd9553e15e618307c7ef909b3f02d41ef5a1c5ae0109d43de074798103a35e,"Pour remplir la [COLOR=PARTNER]jauge de motivation[/COLOR] d'un partenaire, passe du temps avec lui. Invite-le à une [COLOR=PARTNER]sortie[/COLOR] !",reviewed,Compatibilité avec la démo 0.10.5 ; source différente de la version complète.
Tutorial/GPN10_1,f5466bdbabb5fbf6292f3b7fe99b8a3a629079fe19e279c9088d4b58d9f0c97e,"Et si on jetait un oeil à ces [COLOR=ALERT]objectifs[/COLOR], hein hein ?",reviewed,Compatibilité avec la démo 0.10.5 ; source différente de la version complète.
Tutorial/GPN10_2,335a416b06ee616109da3f2f58150da2db92ed5d4f9107d9997ebb0f1e851b32,Clique ici pour ouvrir ton appli [COLOR=ALERT]journal[/COLOR].,reviewed,Compatibilité avec la démo 0.10.5 ; source différente de la version complète.
Tutorial/GPL5_2,6c2e841759e072655daa7dd344bac1d77f60020fc80bd49938d3b9ddfd5731e6,Clique ici pour voir les détails du festival !,reviewed,Compatibilité avec la démo 0.10.5 ; source différente de la version complète.
Tutorial/GPL8_2,b4f579ab2476080b897376a3c63de1d0432228898ed8064d3268bdc18dec613a,"Quand tu ajoutes un ingrédient à la commande, un [COLOR=ALERT]ingrédient premium[/COLOR] est utilisé en premier si tu en as en stock.",reviewed,Compatibilité avec la démo 0.10.5 ; source différente de la version complète.
Tutorial/GPL8_3,8d32d4875b83635fc5eefc80f9b4e21ccd6737b6af9fb03cbf9654a03cbe69d1,Survole le plat pour voir si un [COLOR=ALERT]ingrédient premium[/COLOR] y a été ajouté.,reviewed,Compatibilité avec la démo 0.10.5 ; source différente de la version complète.
Tutorial/GPL8_4,5318710b570d8c0bb76482f130e73b9e2f7e0bff529b281575ed0d35d53461c4,"Le mieux, c'est que les clients donnent plus de pourboires si leur commande contient un [COLOR=ALERT]ingrédient premium[/COLOR] !",reviewed,Compatibilité avec la démo 0.10.5 ; source différente de la version complète.
Tutorial/GPL8_6,867cdf5ee6ca17869fe246de33368e5ce1ae65b51265f6bc316c348265dd2267,"Si tu fais une erreur et vides ton plateau, l'[COLOR=ALERT]ingrédient premium[/COLOR] te sera rendu.",reviewed,Compatibilité avec la démo 0.10.5 ; source différente de la version complète.
Tutorial/GPL7_1,c99aab59e8f3e006365105ce47214c2fe433b1355bec7352f3a8ad6432b0bfea,"Salut [NAME], euh… nous avons des [COLOR=ALERT]ingrédients premium[/COLOR].",reviewed,Compatibilité avec la démo 0.10.5 ; source différente de la version complète.
Tutorial/GPL7_2,b7e1f5ce1fb2a5dfcdf366ab430ab8e1d879629ccee61f689e722f9407a240a7,« Ces ingrédients super ultra délicieux et merveilleux impressionneront tes clients à coup sûr ! Empoche ces juteux pourboires ! »,reviewed,Compatibilité avec la démo 0.10.5 ; source différente de la version complète.
Tutorial/CRAFTING_3,3fd58eb7df896effd1dae538bfb65b5b9d4d0bf40b27122967c51345809eeef9,Appuyer sur un mauvais bouton fait échouer la recette. Fais bien attention !,reviewed,Compatibilité avec la démo 0.10.5 ; source différente de la version complète.
